title,url,snippet,__term,searchQuery
Principais resultados,https://www.poder360.com.br/poder-sportsmkt/plano-de-reforma-do-corinthians-da-direito-a-voto-a-socio-torcedor/,"√öltimas not√≠cias do Corinthians, jogos, resultados, escala√ß√£o, fotos de treinos, futebol feminino, Neo Qu√≠mica Arena, Fiel Torcedor, basquete, futsal,¬†...Pr√≥ximos jogos do Corinthians, resultados, v√≠deos, refor√ßos, escala√ß√£o e not√≠cias do Corinthians ao vivo. Veja tudo sobre o meu Tim√£o no ge.globo.Sport Club Corinthians Paulista, comumente referido como Corinthians, ou ainda pelo seu acr√¥nimo SCCP, √© um clube poliesportivo brasileiro da cidade de S√£o¬†...O motivo da loucura do Bando! ¬∑ O Tim√£o trouxe de Salvador mais 3Ô∏è‚É£ pontos para a sequ√™ncia do Brasileir√£o! üè≥Ô∏è ¬∑ Photo by Corinthians on October 26, 2025.Sport Club Corinthians Paulista is a Brazilian professional sports club based in S√£o Paulo, in the district of Tatuap√©. Although it competes in multiple¬†...Not√≠cias do Corinthians, pr√≥ximos jogos e resultados do Corinthians.Corinthians TV ¬∑ BASTIDORES | VIT√ìRIA 0 X 1 CORINTHIANS | BRASILEIR√ÉO 2025 | 30¬™ RODADA ¬∑ Upcoming live streams ¬∑ Videos ¬∑ Shorts ¬∑ Segunda-feira j√° come√ßou com¬†...Visit ESPN for Corinthians live scores, video highlights, and latest news. Find standings and the full 2025 season schedule.Ao vivo, como assistir, pr√≥ximos jogos, resultados, escala√ß√£o, gols, mercado da bola, tabelas, estat√≠sticas e √∫ltimas not√≠cias do Corinthians.",Corinthians,"{""countryCode"": ""BR"", ""device"": ""DESKTOP"", ""domain"": ""google.com.br"", ""languageCode"": ""pt-BR"", ""locationUule"": null, ""page"": 1, ""resultsPerPage"": 10, ""term"": ""Corinthians"", ""type"": ""SEARCH"", ""url"": ""http://www.google.com.br/search?q=Corinthians&hl=pt-BR""}"
"Corinthians | Site Oficial | √öltimas not√≠cias, resultados e ...",https://www.corinthians.com.br/,"√öltimas not√≠cias do Corinthians, jogos, resultados, escala√ß√£o, fotos de treinos, futebol feminino, Neo Qu√≠mica Arena, Fiel Torcedor, basquete, futsal,¬†...",Corinthians,"{""countryCode"": ""BR"", ""device"": ""DESKTOP"", ""domain"": ""google.com.br"", ""languageCode"": ""pt-BR"", ""locationUule"": null, ""page"": 1, ""resultsPerPage"": 10, ""term"": ""Corinthians"", ""type"": ""SEARCH"", ""url"": ""http://www.google.com.br/search?q=Corinthians&hl=pt-BR""}"
"Corinthians | √öltimas not√≠cias, resultados e pr√≥ximos jogos",https://ge.globo.com/futebol/times/corinthians/,"Pr√≥ximos jogos do Corinthians, resultados, v√≠deos, refor√ßos, escala√ß√£o e not√≠cias do Corinthians ao vivo. Veja tudo sobre o meu Tim√£o no ge.globo.",Corinthians,"{""countryCode"": ""BR"", ""device"": ""DESKTOP"", ""domain"": ""google.com.br"", ""languageCode"": ""pt-BR"", ""locationUule"": null, ""page"": 1, ""resultsPerPage"": 10, ""term"": ""Corinthians"", ""type"": ""SEARCH"", ""url"": ""http://www.google.com.br/search?q=Corinthians&hl=pt-BR""}"
Sport Club Corinthians Paulista,https://pt.wikipedia.org/wiki/Sport_Club_Corinthians_Paulista,"Sport Club Corinthians Paulista, comumente referido como Corinthians, ou ainda pelo seu acr√¥nimo SCCP, √© um clube poliesportivo brasileiro da cidade de S√£o¬†...",Corinthians,"{""countryCode"": ""BR"", ""device"": ""DESKTOP"", ""domain"": ""google.com.br"", ""languageCode"": ""pt-BR"", ""locationUule"": null, ""page"": 1, ""resultsPerPage"": 10, ""term"": ""Corinthians"", ""type"": ""SEARCH"", ""url"": ""http://www.google.com.br/search?q=Corinthians&hl=pt-BR""}"
Corinthians (@corinthians) ‚Ä¢ Instagram photos and videos,https://www.instagram.com/corinthians/,"O motivo da loucura do Bando! ¬∑ O Tim√£o trouxe de Salvador mais 3Ô∏è‚É£ pontos para a sequ√™ncia do Brasileir√£o! üè≥Ô∏è ¬∑ Photo by Corinthians on October 26, 2025.",Corinthians,"{""countryCode"": ""BR"", ""device"": ""DESKTOP"", ""domain"": ""google.com.br"", ""languageCode"": ""pt-BR"", ""locationUule"": null, ""page"": 1, ""resultsPerPage"": 10, ""term"": ""Corinthians"", ""type"": ""SEARCH"", ""url"": ""http://www.google.com.br/search?q=Corinthians&hl=pt-BR""}"
SC Corinthians Paulista,https://en.wikipedia.org/wiki/SC_Corinthians_Paulista,"Sport Club Corinthians Paulista is a Brazilian professional sports club based in S√£o Paulo, in the district of Tatuap√©. Although it competes in multiple¬†...",Corinthians,"{""countryCode"": ""BR"", ""device"": ""DESKTOP"", ""domain"": ""google.com.br"", ""languageCode"": ""pt-BR"", ""locationUule"": null, ""page"": 1, ""resultsPerPage"": 10, ""term"": ""Corinthians"", ""type"": ""SEARCH"", ""url"": ""http://www.google.com.br/search?q=Corinthians&hl=pt-BR""}"
Corinthians √© no Meu Tim√£o,https://www.meutimao.com.br/,"Not√≠cias do Corinthians, pr√≥ximos jogos e resultados do Corinthians.",Corinthians,"{""countryCode"": ""BR"", ""device"": ""DESKTOP"", ""domain"": ""google.com.br"", ""languageCode"": ""pt-BR"", ""locationUule"": null, ""page"": 1, ""resultsPerPage"": 10, ""term"": ""Corinthians"", ""type"": ""SEARCH"", ""url"": ""http://www.google.com.br/search?q=Corinthians&hl=pt-BR""}"
Corinthians TV,https://www.youtube.com/corinthians,Corinthians TV ¬∑ BASTIDORES | VIT√ìRIA 0 X 1 CORINTHIANS | BRASILEIR√ÉO 2025 | 30¬™ RODADA ¬∑ Upcoming live streams ¬∑ Videos ¬∑ Shorts ¬∑ Segunda-feira j√° come√ßou com¬†...,Corinthians,"{""countryCode"": ""BR"", ""device"": ""DESKTOP"", ""domain"": ""google.com.br"", ""languageCode"": ""pt-BR"", ""locationUule"": null, ""page"": 1, ""resultsPerPage"": 10, ""term"": ""Corinthians"", ""type"": ""SEARCH"", ""url"": ""http://www.google.com.br/search?q=Corinthians&hl=pt-BR""}"
"Corinthians Scores, Stats and Highlights",https://www.espn.com/soccer/team/_/id/874/corinthians,"Visit ESPN for Corinthians live scores, video highlights, and latest news. Find standings and the full 2025 season schedule.",Corinthians,"{""countryCode"": ""BR"", ""device"": ""DESKTOP"", ""domain"": ""google.com.br"", ""languageCode"": ""pt-BR"", ""locationUule"": null, ""page"": 1, ""resultsPerPage"": 10, ""term"": ""Corinthians"", ""type"": ""SEARCH"", ""url"": ""http://www.google.com.br/search?q=Corinthians&hl=pt-BR""}"
"Corinthians | Not√≠cias, Pr√≥ximos Jogos, Resultados e V√≠deos",https://www.uol.com.br/esporte/futebol/times/corinthians/,"Ao vivo, como assistir, pr√≥ximos jogos, resultados, escala√ß√£o, gols, mercado da bola, tabelas, estat√≠sticas e √∫ltimas not√≠cias do Corinthians.",Corinthians,"{""countryCode"": ""BR"", ""device"": ""DESKTOP"", ""domain"": ""google.com.br"", ""languageCode"": ""pt-BR"", ""locationUule"": null, ""page"": 1, ""resultsPerPage"": 10, ""term"": ""Corinthians"", ""type"": ""SEARCH"", ""url"": ""http://www.google.com.br/search?q=Corinthians&hl=pt-BR""}"
Corinthians,https://x.com/Corinthians,"Newspaper front page layout with headline Vence o Corinthians above Vit√≥ria Corinthians score 0 1, ¬∑ 10.",Corinthians,"{""countryCode"": ""BR"", ""device"": ""DESKTOP"", ""domain"": ""google.com.br"", ""languageCode"": ""pt-BR"", ""locationUule"": null, ""page"": 2, ""resultsPerPage"": 10, ""term"": ""Corinthians"", ""type"": ""SEARCH"", ""url"": ""http://www.google.com.br/search?q=Corinthians&hl=pt-BR&start=10""}"
"Corinthians Resultados, v√≠deos e estat√≠sticas",https://www.espn.com.br/futebol/time/_/id/874/corinthians,"Acesse ESPN (BR) para resultados ao vivo, v√≠deos e not√≠cias do Corinthians. Encontre a classifica√ß√£o e o cronograma completo da temporada de 2025.",Corinthians,"{""countryCode"": ""BR"", ""device"": ""DESKTOP"", ""domain"": ""google.com.br"", ""languageCode"": ""pt-BR"", ""locationUule"": null, ""page"": 2, ""resultsPerPage"": 10, ""term"": ""Corinthians"", ""type"": ""SEARCH"", ""url"": ""http://www.google.com.br/search?q=Corinthians&hl=pt-BR&start=10""}"
Sport Club Corinthians Paulista - Club profile,https://www.transfermarkt.com/sport-club-corinthians-paulista/startseite/verein/199,Sport Club Corinthians Paulista ... FIFA Club World Cup winner ... 2 ... Brazilian Champion ... 7 ... Brazilian cup winner ... 3 ... Winner Supercopa do Brasil ... 1 ... Copa¬†...,Corinthians,"{""countryCode"": ""BR"", ""device"": ""DESKTOP"", ""domain"": ""google.com.br"", ""languageCode"": ""pt-BR"", ""locationUule"": null, ""page"": 2, ""resultsPerPage"": 10, ""term"": ""Corinthians"", ""type"": ""SEARCH"", ""url"": ""http://www.google.com.br/search?q=Corinthians&hl=pt-BR&start=10""}"
"Corinthians live score, schedule & player stats",https://www.sofascore.com/team/football/corinthians/1957,"Corinthians will play the next match against Vit√≥ria on Oct 25, 2025, 7:00:00 PM UTC in Brasileir√£o Betano. When the match starts,¬†...",Corinthians,"{""countryCode"": ""BR"", ""device"": ""DESKTOP"", ""domain"": ""google.com.br"", ""languageCode"": ""pt-BR"", ""locationUule"": null, ""page"": 2, ""resultsPerPage"": 10, ""term"": ""Corinthians"", ""type"": ""SEARCH"", ""url"": ""http://www.google.com.br/search?q=Corinthians&hl=pt-BR&start=10""}"
Agenda de pr√≥ximos jogos do Corinthians,https://ge.globo.com/futebol/times/corinthians/agenda-de-jogos-do-corinthians/,"Veja se o Corinthians joga hoje, confira a agenda com calend√°rio atualizado, times advers√°rios e hist√≥rico de confrontos completo. Acesse ge.globo.",Corinthians,"{""countryCode"": ""BR"", ""device"": ""DESKTOP"", ""domain"": ""google.com.br"", ""languageCode"": ""pt-BR"", ""locationUule"": null, ""page"": 2, ""resultsPerPage"": 10, ""term"": ""Corinthians"", ""type"": ""SEARCH"", ""url"": ""http://www.google.com.br/search?q=Corinthians&hl=pt-BR&start=10""}"
"Corinthians | Not√≠cias, jogos e resultados",https://www.lance.com.br/corinthians,"No LANCE, voc√™ fica por dentro de tudo sobre Corinthians. Acompanhe as √∫ltimas not√≠cias, resultados e pr√≥ximos jogos. Clique e n√£o perca nada!",Corinthians,"{""countryCode"": ""BR"", ""device"": ""DESKTOP"", ""domain"": ""google.com.br"", ""languageCode"": ""pt-BR"", ""locationUule"": null, ""page"": 2, ""resultsPerPage"": 10, ""term"": ""Corinthians"", ""type"": ""SEARCH"", ""url"": ""http://www.google.com.br/search?q=Corinthians&hl=pt-BR&start=10""}"
"1 Corinthians 1 NIV - Paul, called to be an apostle of Christ",https://www.biblegateway.com/passage/?search=1%20Corinthians%201&version=NIV,"1 Paul, called to be an apostle of Christ Jesus by the will of God, and our brother Sosthenes,.",Corinthians,"{""countryCode"": ""BR"", ""device"": ""DESKTOP"", ""domain"": ""google.com.br"", ""languageCode"": ""pt-BR"", ""locationUule"": null, ""page"": 2, ""resultsPerPage"": 10, ""term"": ""Corinthians"", ""type"": ""SEARCH"", ""url"": ""http://www.google.com.br/search?q=Corinthians&hl=pt-BR&start=10""}"
SouTim√£o.com.br ‚Äì Not√≠cias do Sport Club Corinthians Paulista,https://soutimao.com.br/,"Aqui no soutimao.com.br, voc√™ encontra todas as noticias do Corinthians. Informa√ß√µes quentes sobre tudo que se passa no maior clube de S√£o Paulo: jogos,¬†...",Corinthians,"{""countryCode"": ""BR"", ""device"": ""DESKTOP"", ""domain"": ""google.com.br"", ""languageCode"": ""pt-BR"", ""locationUule"": null, ""page"": 2, ""resultsPerPage"": 10, ""term"": ""Corinthians"", ""type"": ""SEARCH"", ""url"": ""http://www.google.com.br/search?q=Corinthians&hl=pt-BR&start=10""}"
"que horas joga o Corinthians, not√≠cias, estat√≠sticas e fotos",https://www.terra.com.br/esportes/corinthians/,Corinthians √© o terceiro time da S√©rie A com mais jogos sem sofrer gols desde a chegada de Dorival ¬∑ Dupla do Corinthians participa de nova vit√≥ria da¬†...,Corinthians,"{""countryCode"": ""BR"", ""device"": ""DESKTOP"", ""domain"": ""google.com.br"", ""languageCode"": ""pt-BR"", ""locationUule"": null, ""page"": 2, ""resultsPerPage"": 10, ""term"": ""Corinthians"", ""type"": ""SEARCH"", ""url"": ""http://www.google.com.br/search?q=Corinthians&hl=pt-BR&start=10""}"
Principais resultados,https://www.meutimao.com.br/noticias-do-corinthians/519120/permanencia-e-torneios-continentais-veja-as-novas-probabilidades-do-corinthians-apos-a-30-rodada,"Meu Tim√£o | Vers√£o Desktop Desde 2009, o Meu Tim√£o cobre o dia a dia do Corinthians. Este n√£o √© o site oficial do Sport Club Corinthians Paulista.Pr√≥ximos jogos do Corinthians, resultados, v√≠deos, refor√ßos, escala√ß√£o e not√≠cias do Corinthians ao vivo. Veja tudo sobre o meu Tim√£o no ge.globo.Meu Tim√£o ¬∑ AO VIVO APRESENTA√á√ÉO DO ANTEPROJETO DA REFORMA DO ESTATUTO DO CORINTHIANS ¬∑ Past live streams ¬∑ Videos ¬∑ Shorts ¬∑ RENATO AUGUSTO SAYS HE WILL BE¬†...√öltimas not√≠cias do Corinthians, jogos, resultados, escala√ß√£o, fotos de treinos, futebol feminino, Neo Qu√≠mica Arena, Fiel Torcedor, basquete, futsal,¬†...Meu Tim√£o | Vers√£o Desktop Desde 2009, o Meu Tim√£o cobre o dia a dia do Corinthians. Este n√£o √© o site oficial do Sport Club Corinthians Paulista.Not√≠cias atualizadas do Corinthians, cobertura di√°ria do clube e mat√©rias exclusivas. Contrata√ß√µes do Tim√£o e muito mais.Vai dar certo, Renato! Assista a entrevista completa no canal do Meu Tim√£o no YouTube no link nos stories. @vitorchicarolli, @_rfontan, @_matheusquintinoo &¬†...Ao vivo, como assistir, pr√≥ximos jogos, resultados, escala√ß√£o, gols, mercado da bola, tabelas, estat√≠sticas e √∫ltimas not√≠cias do Corinthians.",tim√£o,"{""countryCode"": ""BR"", ""device"": ""DESKTOP"", ""domain"": ""google.com.br"", ""languageCode"": ""pt-BR"", ""locationUule"": null, ""page"": 1, ""resultsPerPage"": 10, ""term"": ""tim√£o"", ""type"": ""SEARCH"", ""url"": ""http://www.google.com.br/search?q=tim%C3%A3o&hl=pt-BR""}"
Corinthians √© no Meu Tim√£o,https://www.meutimao.com.br/,"Meu Tim√£o | Vers√£o Desktop Desde 2009, o Meu Tim√£o cobre o dia a dia do Corinthians. Este n√£o √© o site oficial do Sport Club Corinthians Paulista.",tim√£o,"{""countryCode"": ""BR"", ""device"": ""DESKTOP"", ""domain"": ""google.com.br"", ""languageCode"": ""pt-BR"", ""locationUule"": null, ""page"": 1, ""resultsPerPage"": 10, ""term"": ""tim√£o"", ""type"": ""SEARCH"", ""url"": ""http://www.google.com.br/search?q=tim%C3%A3o&hl=pt-BR""}"
"Corinthians | √öltimas not√≠cias, resultados e pr√≥ximos jogos",https://ge.globo.com/futebol/times/corinthians/,"Pr√≥ximos jogos do Corinthians, resultados, v√≠deos, refor√ßos, escala√ß√£o e not√≠cias do Corinthians ao vivo. Veja tudo sobre o meu Tim√£o no ge.globo.",tim√£o,"{""countryCode"": ""BR"", ""device"": ""DESKTOP"", ""domain"": ""google.com.br"", ""languageCode"": ""pt-BR"", ""locationUule"": null, ""page"": 1, ""resultsPerPage"": 10, ""term"": ""tim√£o"", ""type"": ""SEARCH"", ""url"": ""http://www.google.com.br/search?q=tim%C3%A3o&hl=pt-BR""}"
Meu Tim√£o,https://www.youtube.com/meutimao,Meu Tim√£o ¬∑ AO VIVO APRESENTA√á√ÉO DO ANTEPROJETO DA REFORMA DO ESTATUTO DO CORINTHIANS ¬∑ Past live streams ¬∑ Videos ¬∑ Shorts ¬∑ RENATO AUGUSTO SAYS HE WILL BE¬†...,tim√£o,"{""countryCode"": ""BR"", ""device"": ""DESKTOP"", ""domain"": ""google.com.br"", ""languageCode"": ""pt-BR"", ""locationUule"": null, ""page"": 1, ""resultsPerPage"": 10, ""term"": ""tim√£o"", ""type"": ""SEARCH"", ""url"": ""http://www.google.com.br/search?q=tim%C3%A3o&hl=pt-BR""}"
"Corinthians | Site Oficial | √öltimas not√≠cias, resultados e ...",https://www.corinthians.com.br/,"√öltimas not√≠cias do Corinthians, jogos, resultados, escala√ß√£o, fotos de treinos, futebol feminino, Neo Qu√≠mica Arena, Fiel Torcedor, basquete, futsal,¬†...",tim√£o,"{""countryCode"": ""BR"", ""device"": ""DESKTOP"", ""domain"": ""google.com.br"", ""languageCode"": ""pt-BR"", ""locationUule"": null, ""page"": 1, ""resultsPerPage"": 10, ""term"": ""tim√£o"", ""type"": ""SEARCH"", ""url"": ""http://www.google.com.br/search?q=tim%C3%A3o&hl=pt-BR""}"
F√≥rum do Corinthians,https://www.meutimao.com.br/forum-do-corinthians/,"Meu Tim√£o | Vers√£o Desktop Desde 2009, o Meu Tim√£o cobre o dia a dia do Corinthians. Este n√£o √© o site oficial do Sport Club Corinthians Paulista.",tim√£o,"{""countryCode"": ""BR"", ""device"": ""DESKTOP"", ""domain"": ""google.com.br"", ""languageCode"": ""pt-BR"", ""locationUule"": null, ""page"": 1, ""resultsPerPage"": 10, ""term"": ""tim√£o"", ""type"": ""SEARCH"", ""url"": ""http://www.google.com.br/search?q=tim%C3%A3o&hl=pt-BR""}"
Corinthians | Tudo Tim√£o - Not√≠cias do Corinthians ...,https://www.tudotimao.com.br/,"Not√≠cias atualizadas do Corinthians, cobertura di√°ria do clube e mat√©rias exclusivas. Contrata√ß√µes do Tim√£o e muito mais.",tim√£o,"{""countryCode"": ""BR"", ""device"": ""DESKTOP"", ""domain"": ""google.com.br"", ""languageCode"": ""pt-BR"", ""locationUule"": null, ""page"": 1, ""resultsPerPage"": 10, ""term"": ""tim√£o"", ""type"": ""SEARCH"", ""url"": ""http://www.google.com.br/search?q=tim%C3%A3o&hl=pt-BR""}"
CORINTHIANS DERROTA O VIT√ìRIA E SOBE NA TABELA ...,https://www.youtube.com/watch?v=RclmkEEbYqg,... Tim√£o: https://www.meutimao.com.br/patrocine/ Fa√ßa o seu check ... timao.me/Kwai Threads: http://timao.me/Threads #Corinthians #Timao #MeuTimao.,tim√£o,"{""countryCode"": ""BR"", ""device"": ""DESKTOP"", ""domain"": ""google.com.br"", ""languageCode"": ""pt-BR"", ""locationUule"": null, ""page"": 1, ""resultsPerPage"": 10, ""term"": ""tim√£o"", ""type"": ""SEARCH"", ""url"": ""http://www.google.com.br/search?q=tim%C3%A3o&hl=pt-BR""}"
Meu Tim√£o (@meutimao) ‚Ä¢ Instagram photos and videos,https://www.instagram.com/meutimao/,"Vai dar certo, Renato! Assista a entrevista completa no canal do Meu Tim√£o no YouTube no link nos stories. @vitorchicarolli, @_rfontan, @_matheusquintinoo &¬†...",tim√£o,"{""countryCode"": ""BR"", ""device"": ""DESKTOP"", ""domain"": ""google.com.br"", ""languageCode"": ""pt-BR"", ""locationUule"": null, ""page"": 1, ""resultsPerPage"": 10, ""term"": ""tim√£o"", ""type"": ""SEARCH"", ""url"": ""http://www.google.com.br/search?q=tim%C3%A3o&hl=pt-BR""}"
"Corinthians | Not√≠cias, Pr√≥ximos Jogos, Resultados e V√≠deos",https://www.uol.com.br/esporte/futebol/times/corinthians/,"Ao vivo, como assistir, pr√≥ximos jogos, resultados, escala√ß√£o, gols, mercado da bola, tabelas, estat√≠sticas e √∫ltimas not√≠cias do Corinthians.",tim√£o,"{""countryCode"": ""BR"", ""device"": ""DESKTOP"", ""domain"": ""google.com.br"", ""languageCode"": ""pt-BR"", ""locationUule"": null, ""page"": 1, ""resultsPerPage"": 10, ""term"": ""tim√£o"", ""type"": ""SEARCH"", ""url"": ""http://www.google.com.br/search?q=tim%C3%A3o&hl=pt-BR""}"
Sou Tim√£o,https://soutimao.com.br/,"Aqui no soutimao.com.br, voc√™ encontra todas as noticias do Corinthians. Informa√ß√µes quentes sobre tudo que se passa no maior clube de S√£o Paulo: jogos,¬†...",tim√£o,"{""countryCode"": ""BR"", ""device"": ""DESKTOP"", ""domain"": ""google.com.br"", ""languageCode"": ""pt-BR"", ""locationUule"": null, ""page"": 2, ""resultsPerPage"": 10, ""term"": ""tim√£o"", ""type"": ""SEARCH"", ""url"": ""http://www.google.com.br/search?q=tim%C3%A3o&hl=pt-BR&start=10""}"
Corinthians TV,https://www.youtube.com/corinthians,TIM√ÉO TRAINING: CORINTHIANS MAKES FINAL PREPARATIONS BEFORE LEAVING FOR SALVADOR ¬∑ TIM√ÉO TRAINING: CORINTHIANS SQUAD CONTINUES TRAINING WEEK TO FACE VIT√ìRIA.,tim√£o,"{""countryCode"": ""BR"", ""device"": ""DESKTOP"", ""domain"": ""google.com.br"", ""languageCode"": ""pt-BR"", ""locationUule"": null, ""page"": 2, ""resultsPerPage"": 10, ""term"": ""tim√£o"", ""type"": ""SEARCH"", ""url"": ""http://www.google.com.br/search?q=tim%C3%A3o&hl=pt-BR&start=10""}"
Corinthians,https://x.com/Corinthians,O Tim√£o trouxe de Salvador mais 3Ô∏è‚É£ pontos para a sequ√™ncia do Brasileir√£o! ... Tim√£o vence o Vit√≥ria como visitante na 30¬™ rodada do Brasileir√£o 2025 Leia a¬†...,tim√£o,"{""countryCode"": ""BR"", ""device"": ""DESKTOP"", ""domain"": ""google.com.br"", ""languageCode"": ""pt-BR"", ""locationUule"": null, ""page"": 2, ""resultsPerPage"": 10, ""term"": ""tim√£o"", ""type"": ""SEARCH"", ""url"": ""http://www.google.com.br/search?q=tim%C3%A3o&hl=pt-BR&start=10""}"
Corinthians (@corinthians) ‚Ä¢ Instagram photos and videos,https://www.instagram.com/corinthians/,14M followers ¬∑ 229 following ¬∑ 42306 posts ¬∑ @corinthians: ‚ÄúO motivo da loucura do Bando! ‚Äù,tim√£o,"{""countryCode"": ""BR"", ""device"": ""DESKTOP"", ""domain"": ""google.com.br"", ""languageCode"": ""pt-BR"", ""locationUule"": null, ""page"": 2, ""resultsPerPage"": 10, ""term"": ""tim√£o"", ""type"": ""SEARCH"", ""url"": ""http://www.google.com.br/search?q=tim%C3%A3o&hl=pt-BR&start=10""}"
Dia de reapresenta√ß√£o do Tim√£o. ‚ö´Ô∏è‚ö™Ô∏è Trabalho iniciou ...,https://www.instagram.com/reel/DQUbtXxkd2W/,"143 likes, 0 comments - corinthiansfutebolfeminino on October 27, 2025: ""Dia de reapresenta√ß√£o do Tim√£o. ‚ö´Ô∏è‚ö™Ô∏è Trabalho iniciou na academia.",tim√£o,"{""countryCode"": ""BR"", ""device"": ""DESKTOP"", ""domain"": ""google.com.br"", ""languageCode"": ""pt-BR"", ""locationUule"": null, ""page"": 2, ""resultsPerPage"": 10, ""term"": ""tim√£o"", ""type"": ""SEARCH"", ""url"": ""http://www.google.com.br/search?q=tim%C3%A3o&hl=pt-BR&start=10""}"
Meu Tim√£o | S√£o Paulo SP,https://www.facebook.com/meutimao/?locale=pt_BR,Meu Tim√£o ¬∑ Veja os bastidores da vit√≥ria do Corinthians no Brasileir√£o ¬∑ Corinthians sobe uma posi√ß√£o na tabela do Brasileir√£o ap√≥s triunfo contra o Vit√≥ria.,tim√£o,"{""countryCode"": ""BR"", ""device"": ""DESKTOP"", ""domain"": ""google.com.br"", ""languageCode"": ""pt-BR"", ""locationUule"": null, ""page"": 2, ""resultsPerPage"": 10, ""term"": ""tim√£o"", ""type"": ""SEARCH"", ""url"": ""http://www.google.com.br/search?q=tim%C3%A3o&hl=pt-BR&start=10""}"
"Tim√£o ‚Äì Wikip√©dia, a enciclop√©dia livre",https://pt.wikipedia.org/wiki/Tim%C3%A3o,"O termo tim√£o (do latim temo, eixo de carro√ßa ou arado) pode se referir a: Roda de leme - roda ou volante com que se manobra o leme de uma embarca√ß√£o¬†...",tim√£o,"{""countryCode"": ""BR"", ""device"": ""DESKTOP"", ""domain"": ""google.com.br"", ""languageCode"": ""pt-BR"", ""locationUule"": null, ""page"": 2, ""resultsPerPage"": 10, ""term"": ""tim√£o"", ""type"": ""SEARCH"", ""url"": ""http://www.google.com.br/search?q=tim%C3%A3o&hl=pt-BR&start=10""}"
Corinthians divulgar√° propostas do novo estatuto; Fiel ...,https://www.meutimao.com.br/videos-do-corinthians/123774/corinthians-divulgara-propostas-do-novo-estatuto-fiel-torcedor-podera-votar-nas-mudancas,,tim√£o,"{""countryCode"": ""BR"", ""device"": ""DESKTOP"", ""domain"": ""google.com.br"", ""languageCode"": ""pt-BR"", ""locationUule"": null, ""page"": 2, ""resultsPerPage"": 10, ""term"": ""tim√£o"", ""type"": ""SEARCH"", ""url"": ""http://www.google.com.br/search?q=tim%C3%A3o&hl=pt-BR&start=10""}"
Meu Tim√£o (@MeuTimao) / Posts ...,https://x.com/MeuTimao,"‚ö´Ô∏è O Meu Tim√£o √© feito por corinthianos, para corinthianos. Apoio: @KTO_Brasil - Jogue com responsabilidade (+18). Posts. Meu Tim√£o profile. Meu¬†...",tim√£o,"{""countryCode"": ""BR"", ""device"": ""DESKTOP"", ""domain"": ""google.com.br"", ""languageCode"": ""pt-BR"", ""locationUule"": null, ""page"": 2, ""resultsPerPage"": 10, ""term"": ""tim√£o"", ""type"": ""SEARCH"", ""url"": ""http://www.google.com.br/search?q=tim%C3%A3o&hl=pt-BR&start=10""}"
PRIMEIRA SEQU√äNCIA DE VIT√ìRIA DO TIM√ÉO NO BR ...,https://www.youtube.com/watch?v=Z9QlECgcsoc,PRIMEIRA SEQU√äNCIA DE VIT√ìRIA DO TIM√ÉO NO BR! VIT√ìRIA 0X1 ... Meu Tim√£o‚Ä¢923 watching ¬∑ 31:07 ¬∑ Go to channel. Do campo ao tribunal¬†...,tim√£o,"{""countryCode"": ""BR"", ""device"": ""DESKTOP"", ""domain"": ""google.com.br"", ""languageCode"": ""pt-BR"", ""locationUule"": null, ""page"": 2, ""resultsPerPage"": 10, ""term"": ""tim√£o"", ""type"": ""SEARCH"", ""url"": ""http://www.google.com.br/search?q=tim%C3%A3o&hl=pt-BR&start=10""}"
Principais resultados,https://www.itatiaia.com.br/esportes/futebol/futebol-nacional/futebol-paulista/corinthians/corinthians-anteprojeto-de-reforma-do-estatuto-inclui-direito-de-voto-a-socio-torcedor,"√öltimas not√≠cias do Corinthians, jogos, resultados, escala√ß√£o, fotos de treinos, futebol feminino, Neo Qu√≠mica Arena, Fiel Torcedor, basquete, futsal,¬†...Sport Club Corinthians Paulista, comumente referido como Corinthians, ou ainda pelo seu acr√¥nimo SCCP, √© um clube poliesportivo brasileiro da cidade de S√£o¬†...SCCP News (@_sccpnews) - Posts - Tudo sobre o Sport Club Corinthians Paulista com rapidez e objetividade. | Contato comercial: con.255K followers ¬∑ 415 following ¬∑ 27048 posts ¬∑ @_sccpnews: ‚Äú‚ö´Ô∏è‚ö™Ô∏è | Tudo sobre o Sport Club Corinthians Paulista com rapidez e objetividade.Sport Club Corinthians Paulista is a Brazilian professional sports club based in S√£o Paulo, in the district of Tatuap√©. Although it competes in multiple¬†...Tudo sobre o Sport Club Corinthians Paulista com rapidez e objetividade. | sccpnews@flamulacreators.com. 111K followers. ¬∑. linklist.bio/sccpnews. Follow.√öltimas not√≠cias do Corinthians, jogos, resultados, escala√ß√£o, fotos de treinos, futebol feminino, Neo Qu√≠mica Arena, Fiel Torcedor, basquete, futsal,¬†...Tudo que tem a ver com o Coring√£o est√° no Universo SCCP. Baixe, cadastre-se e tenha acesso aos principais projetos do clube, fa√ßa parte de a√ß√µes especiais,¬†...Tudo sobre o Sport Club Corinthians Paulista com rapidez e objetividade. | sccpnews@flamulacreators.com. Û±ô∂. Seguir.",SCCP,"{""countryCode"": ""BR"", ""device"": ""DESKTOP"", ""domain"": ""google.com.br"", ""languageCode"": ""pt-BR"", ""locationUule"": null, ""page"": 1, ""resultsPerPage"": 10, ""term"": ""SCCP"", ""type"": ""SEARCH"", ""url"": ""http://www.google.com.br/search?q=SCCP&hl=pt-BR""}"
"Corinthians | Site Oficial | √öltimas not√≠cias, resultados e ...",https://www.corinthians.com.br/,"√öltimas not√≠cias do Corinthians, jogos, resultados, escala√ß√£o, fotos de treinos, futebol feminino, Neo Qu√≠mica Arena, Fiel Torcedor, basquete, futsal,¬†...",SCCP,"{""countryCode"": ""BR"", ""device"": ""DESKTOP"", ""domain"": ""google.com.br"", ""languageCode"": ""pt-BR"", ""locationUule"": null, ""page"": 1, ""resultsPerPage"": 10, ""term"": ""SCCP"", ""type"": ""SEARCH"", ""url"": ""http://www.google.com.br/search?q=SCCP&hl=pt-BR""}"
Sport Club Corinthians Paulista,https://pt.wikipedia.org/wiki/Sport_Club_Corinthians_Paulista,"Sport Club Corinthians Paulista, comumente referido como Corinthians, ou ainda pelo seu acr√¥nimo SCCP, √© um clube poliesportivo brasileiro da cidade de S√£o¬†...",SCCP,"{""countryCode"": ""BR"", ""device"": ""DESKTOP"", ""domain"": ""google.com.br"", ""languageCode"": ""pt-BR"", ""locationUule"": null, ""page"": 1, ""resultsPerPage"": 10, ""term"": ""SCCP"", ""type"": ""SEARCH"", ""url"": ""http://www.google.com.br/search?q=SCCP&hl=pt-BR""}"
SCCP News (@_sccpnews) / Posts ...,https://x.com/_sccpnews?lang=pt,SCCP News (@_sccpnews) - Posts - Tudo sobre o Sport Club Corinthians Paulista com rapidez e objetividade. | Contato comercial: con.,SCCP,"{""countryCode"": ""BR"", ""device"": ""DESKTOP"", ""domain"": ""google.com.br"", ""languageCode"": ""pt-BR"", ""locationUule"": null, ""page"": 1, ""resultsPerPage"": 10, ""term"": ""SCCP"", ""type"": ""SEARCH"", ""url"": ""http://www.google.com.br/search?q=SCCP&hl=pt-BR""}"
SCCP News (@_sccpnews),https://www.instagram.com/_sccpnews/,255K followers ¬∑ 415 following ¬∑ 27048 posts ¬∑ @_sccpnews: ‚Äú‚ö´Ô∏è‚ö™Ô∏è | Tudo sobre o Sport Club Corinthians Paulista com rapidez e objetividade.,SCCP,"{""countryCode"": ""BR"", ""device"": ""DESKTOP"", ""domain"": ""google.com.br"", ""languageCode"": ""pt-BR"", ""locationUule"": null, ""page"": 1, ""resultsPerPage"": 10, ""term"": ""SCCP"", ""type"": ""SEARCH"", ""url"": ""http://www.google.com.br/search?q=SCCP&hl=pt-BR""}"
SC Corinthians Paulista,https://en.wikipedia.org/wiki/SC_Corinthians_Paulista,"Sport Club Corinthians Paulista is a Brazilian professional sports club based in S√£o Paulo, in the district of Tatuap√©. Although it competes in multiple¬†...",SCCP,"{""countryCode"": ""BR"", ""device"": ""DESKTOP"", ""domain"": ""google.com.br"", ""languageCode"": ""pt-BR"", ""locationUule"": null, ""page"": 1, ""resultsPerPage"": 10, ""term"": ""SCCP"", ""type"": ""SEARCH"", ""url"": ""http://www.google.com.br/search?q=SCCP&hl=pt-BR""}"
SCCP News (@_sccpnews),https://www.threads.com/@_sccpnews,Tudo sobre o Sport Club Corinthians Paulista com rapidez e objetividade. | sccpnews@flamulacreators.com. 111K followers. ¬∑. linklist.bio/sccpnews. Follow.,SCCP,"{""countryCode"": ""BR"", ""device"": ""DESKTOP"", ""domain"": ""google.com.br"", ""languageCode"": ""pt-BR"", ""locationUule"": null, ""page"": 1, ""resultsPerPage"": 10, ""term"": ""SCCP"", ""type"": ""SEARCH"", ""url"": ""http://www.google.com.br/search?q=SCCP&hl=pt-BR""}"
futebol masculino,https://www.corinthians.com.br/futebol,"√öltimas not√≠cias do Corinthians, jogos, resultados, escala√ß√£o, fotos de treinos, futebol feminino, Neo Qu√≠mica Arena, Fiel Torcedor, basquete, futsal,¬†...",SCCP,"{""countryCode"": ""BR"", ""device"": ""DESKTOP"", ""domain"": ""google.com.br"", ""languageCode"": ""pt-BR"", ""locationUule"": null, ""page"": 1, ""resultsPerPage"": 10, ""term"": ""SCCP"", ""type"": ""SEARCH"", ""url"": ""http://www.google.com.br/search?q=SCCP&hl=pt-BR""}"
Universo SCCP ‚Äì Apps no Google Play,https://play.google.com/store/apps/details?id=io.corinthians.app&hl=pt,"Tudo que tem a ver com o Coring√£o est√° no Universo SCCP. Baixe, cadastre-se e tenha acesso aos principais projetos do clube, fa√ßa parte de a√ß√µes especiais,¬†...",SCCP,"{""countryCode"": ""BR"", ""device"": ""DESKTOP"", ""domain"": ""google.com.br"", ""languageCode"": ""pt-BR"", ""locationUule"": null, ""page"": 1, ""resultsPerPage"": 10, ""term"": ""SCCP"", ""type"": ""SEARCH"", ""url"": ""http://www.google.com.br/search?q=SCCP&hl=pt-BR""}"
SCCP News,https://www.facebook.com/sccpnewss/?locale=pt_BR,Tudo sobre o Sport Club Corinthians Paulista com rapidez e objetividade. | sccpnews@flamulacreators.com. Û±ô∂. Seguir.,SCCP,"{""countryCode"": ""BR"", ""device"": ""DESKTOP"", ""domain"": ""google.com.br"", ""languageCode"": ""pt-BR"", ""locationUule"": null, ""page"": 1, ""resultsPerPage"": 10, ""term"": ""SCCP"", ""type"": ""SEARCH"", ""url"": ""http://www.google.com.br/search?q=SCCP&hl=pt-BR""}"
Corinthians #corinthians #vaicorinthians #timao #sccp,https://www.instagram.com/reel/DQUTTi8DbFD/,"5 likes, 0 comments - reelsdobando on October 27, 2025: ""Corinthians #corinthians #vaicorinthians #timao #sccp"".",SCCP,"{""countryCode"": ""BR"", ""device"": ""DESKTOP"", ""domain"": ""google.com.br"", ""languageCode"": ""pt-BR"", ""locationUule"": null, ""page"": 2, ""resultsPerPage"": 10, ""term"": ""SCCP"", ""type"": ""SEARCH"", ""url"": ""http://www.google.com.br/search?q=SCCP&hl=pt-BR&start=10""}"
Universo SCCP - Apps on Google Play,https://play.google.com/store/apps/details?id=io.corinthians.app,"Finding everything about Corinthians in a single app. News, games, official products, tips area, videos, programs and even exclusive broadcasts.",SCCP,"{""countryCode"": ""BR"", ""device"": ""DESKTOP"", ""domain"": ""google.com.br"", ""languageCode"": ""pt-BR"", ""locationUule"": null, ""page"": 2, ""resultsPerPage"": 10, ""term"": ""SCCP"", ""type"": ""SEARCH"", ""url"": ""http://www.google.com.br/search?q=SCCP&hl=pt-BR&start=10""}"
Fiel Torcedor,https://www.fieltorcedor.com.br/,"O Fiel Torcedor √© o programa oficial de s√≥cio-torcedor do Sport Club Corinthians Paulista, criado para fortalecer a rela√ß√£o entre o clube e sua torcida.",SCCP,"{""countryCode"": ""BR"", ""device"": ""DESKTOP"", ""domain"": ""google.com.br"", ""languageCode"": ""pt-BR"", ""locationUule"": null, ""page"": 2, ""resultsPerPage"": 10, ""term"": ""SCCP"", ""type"": ""SEARCH"", ""url"": ""http://www.google.com.br/search?q=SCCP&hl=pt-BR&start=10""}"
Exclusivo : deram um n√£o pra safiel no SCCP,https://www.meutimao.com.br/forum-do-corinthians/1950416/exclusivo-deram-um-nao-pra-safiel-no-sccp,"h√° 16 minutos ‚Äî Na v√©spera da apresenta√ß√£o da SAFiel, olha o que propuseram na reforma do estatuto. Se isso n√£o √© um N√ÉO, n√£o sei mas o que √©.",SCCP,"{""countryCode"": ""BR"", ""device"": ""DESKTOP"", ""domain"": ""google.com.br"", ""languageCode"": ""pt-BR"", ""locationUule"": null, ""page"": 2, ""resultsPerPage"": 10, ""term"": ""SCCP"", ""type"": ""SEARCH"", ""url"": ""http://www.google.com.br/search?q=SCCP&hl=pt-BR&start=10""}"
Central SCCP,https://www.youtube.com/channel/UCCzjZCwouBkCocIY1pHrkBA,Popular videos ¬∑ TOP 10 GOLS MAIS BONITOS DA NEO QU√çMICA ARENA! ¬∑ VIRADAS DO CORINTHIANS DE SE ARREPIAR PELA COPA DO BRASIL PT.2 ¬∑ ‚ô´ CRISTIANO ROMERO √â O CARA¬†...,SCCP,"{""countryCode"": ""BR"", ""device"": ""DESKTOP"", ""domain"": ""google.com.br"", ""languageCode"": ""pt-BR"", ""locationUule"": null, ""page"": 2, ""resultsPerPage"": 10, ""term"": ""SCCP"", ""type"": ""SEARCH"", ""url"": ""http://www.google.com.br/search?q=SCCP&hl=pt-BR&start=10""}"
SCCP TICKET - Venda de ingressos e eventos.,https://sccpticket.soudaliga.com.br/,Para adquirir seu ingresso √© necess√°rio o cadastro do comprador pelo site;. Preencha todos os campos obrigat√≥rios com informa√ß√µes v√°lidas e atualizadas;.,SCCP,"{""countryCode"": ""BR"", ""device"": ""DESKTOP"", ""domain"": ""google.com.br"", ""languageCode"": ""pt-BR"", ""locationUule"": null, ""page"": 2, ""resultsPerPage"": 10, ""term"": ""SCCP"", ""type"": ""SEARCH"", ""url"": ""http://www.google.com.br/search?q=SCCP&hl=pt-BR&start=10""}"
Universo SCCP na App Store,https://apps.apple.com/br/app/universo-sccp/id1604188025,"Que tal encontrar tudo sobre o Corinthians em um √∫nico app? Not√≠cias, jogos, produtos oficiais, √°rea de palpites, v√≠deos, programas e at√© transmiss√µes¬†...",SCCP,"{""countryCode"": ""BR"", ""device"": ""DESKTOP"", ""domain"": ""google.com.br"", ""languageCode"": ""pt-BR"", ""locationUule"": null, ""page"": 2, ""resultsPerPage"": 10, ""term"": ""SCCP"", ""type"": ""SEARCH"", ""url"": ""http://www.google.com.br/search?q=SCCP&hl=pt-BR&start=10""}"
VIT√ìRIA X CORINTHIANS - 25/10/2025 - BRASILEIR√ÉO - AO ...,https://www.youtube.com/watch?v=EQwdQLAHivY,... sccp #brasileir√£o #Muitomaisfutebol #Aovivo.,SCCP,"{""countryCode"": ""BR"", ""device"": ""DESKTOP"", ""domain"": ""google.com.br"", ""languageCode"": ""pt-BR"", ""locationUule"": null, ""page"": 2, ""resultsPerPage"": 10, ""term"": ""SCCP"", ""type"": ""SEARCH"", ""url"": ""http://www.google.com.br/search?q=SCCP&hl=pt-BR&start=10""}"
Securities Clearing Corporation of the Philippines,https://www.sccp.com.ph/,I Agree. The Securities Clearing Corporation of the Philippines (‚ÄúSCCP‚Äù) respects and protects your personal data. To learn how SCCP processes and protects¬†...,SCCP,"{""countryCode"": ""BR"", ""device"": ""DESKTOP"", ""domain"": ""google.com.br"", ""languageCode"": ""pt-BR"", ""locationUule"": null, ""page"": 2, ""resultsPerPage"": 10, ""term"": ""SCCP"", ""type"": ""SEARCH"", ""url"": ""http://www.google.com.br/search?q=SCCP&hl=pt-BR&start=10""}"
"Bom dia, Fiel!üè¥üè≥ üì∏Ag. Corinthians ...",https://www.instagram.com/p/DQMBeuljelp/,"Esse espa√ßo foi pensado e criado com carinho para receber voc√™s, torcedores que vivem o Corinthians com a gente todos os dias, no YouTube e nas¬†...",SCCP,"{""countryCode"": ""BR"", ""device"": ""DESKTOP"", ""domain"": ""google.com.br"", ""languageCode"": ""pt-BR"", ""locationUule"": null, ""page"": 2, ""resultsPerPage"": 10, ""term"": ""SCCP"", ""type"": ""SEARCH"", ""url"": ""http://www.google.com.br/search?q=SCCP&hl=pt-BR&start=10""}"
Principais resultados,https://www.corinthians.com.br/,"Not√≠cias ¬∑ Sub-11 e Sub-12 do Tim√£o est√£o nas semifinais do Campeonato Paulista ¬∑ Fora de casa, Corinthians empata com o Santos nas quartas do Paulista Sub-15.Foi fundado como uma equipe de futebol no dia 1 de setembro de 1910 por um grupo de oper√°rios anarco-sindicalistas na regi√£o da Ponte Grande, no bairro do Bom¬†...Pr√≥ximos jogos do Corinthians, resultados, v√≠deos, refor√ßos, escala√ß√£o e not√≠cias do Corinthians ao vivo. Veja tudo sobre o meu Tim√£o no ge.globo.h√° 2 horas ‚Äî O Corinthians n√£o deve permanecer com a lateral-direita Let√≠cia Santos para a pr√≥xima temporada. A jogadora, de 30 anos, tem contrato at√© 31¬†...TRIUNFO DO SPORT CLUB CORINTHIANS PAULISTA! O Tim√£o vence fora de casa pelo Brasileir√£o. üè≥Ô∏è Vit√≥ria 0 1 Corinthians ‚öΩ Charles #VITxSCCP (0-1) #¬†...Sport Club Corinthians Paulista is a Brazilian professional sports club based in S√£o Paulo, in the district of Tatuap√©. Although it competes in multiple¬†...Sport Club Corinthians Paulista ... FIFA Club World Cup winner ... 2 ... Brazilian Champion ... 7 ... Brazilian cup winner ... 3 ... Winner Supercopa do Brasil ... 1 ... Copa¬†...JOGO COMPLETO: CORINTHIANS X REAL SOCCER SUB-11 E CORINTHIANS X MANTHIQUEIRA SUB-12 | PAULISTA ¬∑ VIT√ìRIA 0 X 1 CORINTHIANS | BRASILEIR√ÉO 2025 | 30¬™ RODADA | DIA¬†...P√°gina oficial do Sport Club Corinthians Paulista https://www.corinthians.com.br/links ... P√°gina ¬∑ Clube poliesportivo. Û±§Ç. corinthians.com.br.",Sport Clube Corinthians Paulista,"{""countryCode"": ""BR"", ""device"": ""DESKTOP"", ""domain"": ""google.com.br"", ""languageCode"": ""pt-BR"", ""locationUule"": null, ""page"": 1, ""resultsPerPage"": 10, ""term"": ""Sport Clube Corinthians Paulista"", ""type"": ""SEARCH"", ""url"": ""http://www.google.com.br/search?q=Sport+Clube+Corinthians+Paulista&hl=pt-BR""}"
"Corinthians | Site Oficial | √öltimas not√≠cias, resultados e ...",https://www.corinthians.com.br/,"Not√≠cias ¬∑ Sub-11 e Sub-12 do Tim√£o est√£o nas semifinais do Campeonato Paulista ¬∑ Fora de casa, Corinthians empata com o Santos nas quartas do Paulista Sub-15.",Sport Clube Corinthians Paulista,"{""countryCode"": ""BR"", ""device"": ""DESKTOP"", ""domain"": ""google.com.br"", ""languageCode"": ""pt-BR"", ""locationUule"": null, ""page"": 1, ""resultsPerPage"": 10, ""term"": ""Sport Clube Corinthians Paulista"", ""type"": ""SEARCH"", ""url"": ""http://www.google.com.br/search?q=Sport+Clube+Corinthians+Paulista&hl=pt-BR""}"
Sport Club Corinthians Paulista,https://pt.wikipedia.org/wiki/Sport_Club_Corinthians_Paulista,"Foi fundado como uma equipe de futebol no dia 1 de setembro de 1910 por um grupo de oper√°rios anarco-sindicalistas na regi√£o da Ponte Grande, no bairro do Bom¬†...",Sport Clube Corinthians Paulista,"{""countryCode"": ""BR"", ""device"": ""DESKTOP"", ""domain"": ""google.com.br"", ""languageCode"": ""pt-BR"", ""locationUule"": null, ""page"": 1, ""resultsPerPage"": 10, ""term"": ""Sport Clube Corinthians Paulista"", ""type"": ""SEARCH"", ""url"": ""http://www.google.com.br/search?q=Sport+Clube+Corinthians+Paulista&hl=pt-BR""}"
"Corinthians | √öltimas not√≠cias, resultados e pr√≥ximos jogos",https://ge.globo.com/futebol/times/corinthians/,"Pr√≥ximos jogos do Corinthians, resultados, v√≠deos, refor√ßos, escala√ß√£o e not√≠cias do Corinthians ao vivo. Veja tudo sobre o meu Tim√£o no ge.globo.",Sport Clube Corinthians Paulista,"{""countryCode"": ""BR"", ""device"": ""DESKTOP"", ""domain"": ""google.com.br"", ""languageCode"": ""pt-BR"", ""locationUule"": null, ""page"": 1, ""resultsPerPage"": 10, ""term"": ""Sport Clube Corinthians Paulista"", ""type"": ""SEARCH"", ""url"": ""http://www.google.com.br/search?q=Sport+Clube+Corinthians+Paulista&hl=pt-BR""}"
"Sem renova√ß√£o √† vista, lateral pode deixar o Corinthians ...",https://www.meutimao.com.br/noticias-do-corinthians/518966/sem-renovacao-a-vista-lateral-pode-deixar-o-corinthians-apos-o-termino-do-paulistao,"h√° 2 horas ‚Äî O Corinthians n√£o deve permanecer com a lateral-direita Let√≠cia Santos para a pr√≥xima temporada. A jogadora, de 30 anos, tem contrato at√© 31¬†...",Sport Clube Corinthians Paulista,"{""countryCode"": ""BR"", ""device"": ""DESKTOP"", ""domain"": ""google.com.br"", ""languageCode"": ""pt-BR"", ""locationUule"": null, ""page"": 1, ""resultsPerPage"": 10, ""term"": ""Sport Clube Corinthians Paulista"", ""type"": ""SEARCH"", ""url"": ""http://www.google.com.br/search?q=Sport+Clube+Corinthians+Paulista&hl=pt-BR""}"
Corinthians (@corinthians) ‚Ä¢ Instagram photos and videos,https://www.instagram.com/corinthians/,TRIUNFO DO SPORT CLUB CORINTHIANS PAULISTA! O Tim√£o vence fora de casa pelo Brasileir√£o. üè≥Ô∏è Vit√≥ria 0 1 Corinthians ‚öΩ Charles #VITxSCCP (0-1) #¬†...,Sport Clube Corinthians Paulista,"{""countryCode"": ""BR"", ""device"": ""DESKTOP"", ""domain"": ""google.com.br"", ""languageCode"": ""pt-BR"", ""locationUule"": null, ""page"": 1, ""resultsPerPage"": 10, ""term"": ""Sport Clube Corinthians Paulista"", ""type"": ""SEARCH"", ""url"": ""http://www.google.com.br/search?q=Sport+Clube+Corinthians+Paulista&hl=pt-BR""}"
SC Corinthians Paulista,https://en.wikipedia.org/wiki/SC_Corinthians_Paulista,"Sport Club Corinthians Paulista is a Brazilian professional sports club based in S√£o Paulo, in the district of Tatuap√©. Although it competes in multiple¬†...",Sport Clube Corinthians Paulista,"{""countryCode"": ""BR"", ""device"": ""DESKTOP"", ""domain"": ""google.com.br"", ""languageCode"": ""pt-BR"", ""locationUule"": null, ""page"": 1, ""resultsPerPage"": 10, ""term"": ""Sport Clube Corinthians Paulista"", ""type"": ""SEARCH"", ""url"": ""http://www.google.com.br/search?q=Sport+Clube+Corinthians+Paulista&hl=pt-BR""}"
Sport Club Corinthians Paulista - Club profile,https://www.transfermarkt.com/sport-club-corinthians-paulista/startseite/verein/199,Sport Club Corinthians Paulista ... FIFA Club World Cup winner ... 2 ... Brazilian Champion ... 7 ... Brazilian cup winner ... 3 ... Winner Supercopa do Brasil ... 1 ... Copa¬†...,Sport Clube Corinthians Paulista,"{""countryCode"": ""BR"", ""device"": ""DESKTOP"", ""domain"": ""google.com.br"", ""languageCode"": ""pt-BR"", ""locationUule"": null, ""page"": 1, ""resultsPerPage"": 10, ""term"": ""Sport Clube Corinthians Paulista"", ""type"": ""SEARCH"", ""url"": ""http://www.google.com.br/search?q=Sport+Clube+Corinthians+Paulista&hl=pt-BR""}"
Corinthians TV,https://www.youtube.com/corinthians,JOGO COMPLETO: CORINTHIANS X REAL SOCCER SUB-11 E CORINTHIANS X MANTHIQUEIRA SUB-12 | PAULISTA ¬∑ VIT√ìRIA 0 X 1 CORINTHIANS | BRASILEIR√ÉO 2025 | 30¬™ RODADA | DIA¬†...,Sport Clube Corinthians Paulista,"{""countryCode"": ""BR"", ""device"": ""DESKTOP"", ""domain"": ""google.com.br"", ""languageCode"": ""pt-BR"", ""locationUule"": null, ""page"": 1, ""resultsPerPage"": 10, ""term"": ""Sport Clube Corinthians Paulista"", ""type"": ""SEARCH"", ""url"": ""http://www.google.com.br/search?q=Sport+Clube+Corinthians+Paulista&hl=pt-BR""}"
SC Corinthians Paulista | S√£o Paulo SP,https://www.facebook.com/corinthians/?locale=pt_BR,P√°gina oficial do Sport Club Corinthians Paulista https://www.corinthians.com.br/links ... P√°gina ¬∑ Clube poliesportivo. Û±§Ç. corinthians.com.br.,Sport Clube Corinthians Paulista,"{""countryCode"": ""BR"", ""device"": ""DESKTOP"", ""domain"": ""google.com.br"", ""languageCode"": ""pt-BR"", ""locationUule"": null, ""page"": 1, ""resultsPerPage"": 10, ""term"": ""Sport Clube Corinthians Paulista"", ""type"": ""SEARCH"", ""url"": ""http://www.google.com.br/search?q=Sport+Clube+Corinthians+Paulista&hl=pt-BR""}"
SC Corinthians Paulista | S√£o Paulo SP,https://www.facebook.com/corinthians/?locale=pt_BR,"SC Corinthians Paulista ¬∑ O Tim√£o trouxe de Salvador mais 3Ô∏è‚É£ pontos para a sequ√™ncia do Brasileir√£o! ¬∑ No ritmo do ax√©, o #CarrosselDaVit√≥riaDoTim√£o vem chegando!",Sport Clube Corinthians Paulista,"{""countryCode"": ""BR"", ""device"": ""DESKTOP"", ""domain"": ""google.com.br"", ""languageCode"": ""pt-BR"", ""locationUule"": null, ""page"": 2, ""resultsPerPage"": 10, ""term"": ""Sport Clube Corinthians Paulista"", ""type"": ""SEARCH"", ""url"": ""http://www.google.com.br/search?q=Sport%20Clube%20Corinthians%20Paulista&hl=pt-BR&start=10""}"
Corinthians,https://x.com/Corinthians,"INGRESSOS DISPON√çVEIS PARA O JOGO CONTRA O GR√äMIO! ‚öΩ‚ö´‚ö™ Confira as informa√ß√µes de venda de ingressos para a partida entre Corinthians e Gr√™mio,¬†...",Sport Clube Corinthians Paulista,"{""countryCode"": ""BR"", ""device"": ""DESKTOP"", ""domain"": ""google.com.br"", ""languageCode"": ""pt-BR"", ""locationUule"": null, ""page"": 2, ""resultsPerPage"": 10, ""term"": ""Sport Clube Corinthians Paulista"", ""type"": ""SEARCH"", ""url"": ""http://www.google.com.br/search?q=Sport%20Clube%20Corinthians%20Paulista&hl=pt-BR&start=10""}"
Not√≠cias do Corinthians | Sport Club Corinthians Paulista,https://www.corinthians.com.br/noticias,NOT√çCIAS ¬∑ Ingressos: Corinthians x Gr√™mio ‚Äì Brasileir√£o Betano 2025 ¬∑ Coletiva de imprensa: Romeu Tuma Jr ‚Äì Reforma do Estatuto ‚Äì Credenciamento ¬∑ Tim√£o vence¬†...,Sport Clube Corinthians Paulista,"{""countryCode"": ""BR"", ""device"": ""DESKTOP"", ""domain"": ""google.com.br"", ""languageCode"": ""pt-BR"", ""locationUule"": null, ""page"": 2, ""resultsPerPage"": 10, ""term"": ""Sport Clube Corinthians Paulista"", ""type"": ""SEARCH"", ""url"": ""http://www.google.com.br/search?q=Sport%20Clube%20Corinthians%20Paulista&hl=pt-BR&start=10""}"
"Corinthians | Not√≠cias, Pr√≥ximos Jogos, Resultados e V√≠deos",https://www.uol.com.br/esporte/futebol/times/corinthians/,"Clube UOL ¬∑ UOL ADS ¬∑ UOL Host ¬∑ UOL Meu Neg√≥cio ¬∑ UOL Afiliados ¬∑ Flash ¬∑ Not√≠cias ... Paulista Feminino. COR. Corinthians. -. (. ) -. S√£o Paulo. SPA. S√°b, 01/11¬†...",Sport Clube Corinthians Paulista,"{""countryCode"": ""BR"", ""device"": ""DESKTOP"", ""domain"": ""google.com.br"", ""languageCode"": ""pt-BR"", ""locationUule"": null, ""page"": 2, ""resultsPerPage"": 10, ""term"": ""Sport Clube Corinthians Paulista"", ""type"": ""SEARCH"", ""url"": ""http://www.google.com.br/search?q=Sport%20Clube%20Corinthians%20Paulista&hl=pt-BR&start=10""}"
"Mesmo ap√≥s a √∫ltima vit√≥ria, Corinthians surpreende e monta ...",https://soutimao.com.br/noticias-do-corinthians/lista-corinthians-saidas/,"h√° 2 horas ‚Äî ... Sport Clube Corinthians Paulista. Soutimao. Ver todos os posts. Aqui no soutimao.com.br, voc√™ encontra todas as noticias do Corinthians.",Sport Clube Corinthians Paulista,"{""countryCode"": ""BR"", ""device"": ""DESKTOP"", ""domain"": ""google.com.br"", ""languageCode"": ""pt-BR"", ""locationUule"": null, ""page"": 2, ""resultsPerPage"": 10, ""term"": ""Sport Clube Corinthians Paulista"", ""type"": ""SEARCH"", ""url"": ""http://www.google.com.br/search?q=Sport%20Clube%20Corinthians%20Paulista&hl=pt-BR&start=10""}"
"Corinthians Resultados, v√≠deos e estat√≠sticas",https://www.espn.com.br/futebol/time/_/id/874/corinthians,"Maycon n√£o crava perman√™ncia no Corinthians e desabafa sobre ano turbulento na pol√≠tica do clube: 'Nos incomoda' ... Sport, 29, 2, 11, 16, -24, 17. Classifica√ß√£o¬†...",Sport Clube Corinthians Paulista,"{""countryCode"": ""BR"", ""device"": ""DESKTOP"", ""domain"": ""google.com.br"", ""languageCode"": ""pt-BR"", ""locationUule"": null, ""page"": 2, ""resultsPerPage"": 10, ""term"": ""Sport Clube Corinthians Paulista"", ""type"": ""SEARCH"", ""url"": ""http://www.google.com.br/search?q=Sport%20Clube%20Corinthians%20Paulista&hl=pt-BR&start=10""}"
Agenda de pr√≥ximos jogos do Corinthians,https://ge.globo.com/futebol/times/corinthians/agenda-de-jogos-do-corinthians/,paulista ¬∑ paulista s√©rie a2 ¬∑ paulista s√©rie a3 ¬∑ paulista s√©rie a4 ¬∑ paulista ... Sport ¬∑ Vasco ¬∑ Vit√≥ria. S√©rie B. Amazonas ¬∑ Am√©rica-MG ¬∑ Athletic Club.,Sport Clube Corinthians Paulista,"{""countryCode"": ""BR"", ""device"": ""DESKTOP"", ""domain"": ""google.com.br"", ""languageCode"": ""pt-BR"", ""locationUule"": null, ""page"": 2, ""resultsPerPage"": 10, ""term"": ""Sport Clube Corinthians Paulista"", ""type"": ""SEARCH"", ""url"": ""http://www.google.com.br/search?q=Sport%20Clube%20Corinthians%20Paulista&hl=pt-BR&start=10""}"
Sport Club Corinthians Paulista,https://www.linkedin.com/company/sccorinthians,Similar pages ¬∑ S.E. Palmeiras. Sports Teams and Clubs ¬∑ S√£o Paulo Futebol Clube. Spectator Sports ¬∑ CBF- Confedera√ß√£o Brasileira de Futebol - Brazil SOCCER.,Sport Clube Corinthians Paulista,"{""countryCode"": ""BR"", ""device"": ""DESKTOP"", ""domain"": ""google.com.br"", ""languageCode"": ""pt-BR"", ""locationUule"": null, ""page"": 2, ""resultsPerPage"": 10, ""term"": ""Sport Clube Corinthians Paulista"", ""type"": ""SEARCH"", ""url"": ""http://www.google.com.br/search?q=Sport%20Clube%20Corinthians%20Paulista&hl=pt-BR&start=10""}"
"Jogos Corinthians ao vivo, tabela, resultados ...",https://www.flashscore.com.br/equipe/corinthians/QBGfQbSe/,"Futebol - Brasil: placar ao vivo Corinthians, resultados finais, tabelas, resumos de jogo com artilheiros, cart√µes amarelos e vermelhos, compara√ß√£o de odds¬†...",Sport Clube Corinthians Paulista,"{""countryCode"": ""BR"", ""device"": ""DESKTOP"", ""domain"": ""google.com.br"", ""languageCode"": ""pt-BR"", ""locationUule"": null, ""page"": 2, ""resultsPerPage"": 10, ""term"": ""Sport Clube Corinthians Paulista"", ""type"": ""SEARCH"", ""url"": ""http://www.google.com.br/search?q=Sport%20Clube%20Corinthians%20Paulista&hl=pt-BR&start=10""}"
Sport Club Corinthians Paulista | Football Wiki - Fandom,https://football.fandom.com/wiki/Sport_Club_Corinthians_Paulista,"Sport Club Corinthians Paulista, commonly known as Corinthians and nicknamed Tim√£o (t ÉiÀàm…êÃÉw|), is a Brazilian multisport club based in Tatuap√©, S√£o Paulo.",Sport Clube Corinthians Paulista,"{""countryCode"": ""BR"", ""device"": ""DESKTOP"", ""domain"": ""google.com.br"", ""languageCode"": ""pt-BR"", ""locationUule"": null, ""page"": 2, ""resultsPerPage"": 10, ""term"": ""Sport Clube Corinthians Paulista"", ""type"": ""SEARCH"", ""url"": ""http://www.google.com.br/search?q=Sport%20Clube%20Corinthians%20Paulista&hl=pt-BR&start=10""}"
Principais resultados,https://www.neoquimicaarena.com.br/,"O Tour da Neo Qu√≠mica Arena foi desenhado para celebrar o nosso amor pelo Tim√£o e pelo futebol a cada passo percorrido dentro de nossa casa. Conhe√ßa o Tour¬†...A Neo Qu√≠mica Arena, anteriormente denominada como Arena Corinthians, √© um est√°dio de futebol localizado no distrito de Itaquera, na Zona Leste do munic√≠pio¬†...Arena Corinthians, also known as the Neo Qu√≠mica Arena for sponsorship reasons, is a sports stadium located in S√£o Paulo, Brazil.üèüÔ∏èCasa do Povo Tour pelos bastidores da Arena Restaurantes e bares todos os dias Shows, festivais, eventos e muito mais! www.neoquimicaarena.com.br.A Neo Qu√≠mica Arena √© o est√°dio de futebol do Sport Club Corinthians Paulista. Localizada em Itaquera, na Zona Leste de S√£o Paulo, a Arena foi oficialmente¬†...O est√°dio tem √≥tima infraestrutura, facilidade de acesso, lojas com bons pre√ßos e √≥timo atendimento. O espa√ßo √© bem amplo, n√£o tem muvuca, arquibancada¬†...The Neo Qu√≠mica Arena stadium building with its curved white roof and modern architecture stands prominently ¬∑ 0.Com foco em preven√ß√£o, a iniciativa contemplou um circuito completo de atendimento para identificar e tratar doen√ßas como hipertens√£o e diabetes; a√ß√£o tamb√©m¬†...",neo quimica arena,"{""countryCode"": ""BR"", ""device"": ""DESKTOP"", ""domain"": ""google.com.br"", ""languageCode"": ""pt-BR"", ""locationUule"": null, ""page"": 1, ""resultsPerPage"": 10, ""term"": ""neo quimica arena"", ""type"": ""SEARCH"", ""url"": ""http://www.google.com.br/search?q=neo+quimica+arena&hl=pt-BR""}"
Neo Qu√≠mica Arena - A Casa do Povo,https://www.neoquimicaarena.com.br/,O Tour da Neo Qu√≠mica Arena foi desenhado para celebrar o nosso amor pelo Tim√£o e pelo futebol a cada passo percorrido dentro de nossa casa. Conhe√ßa o Tour¬†...,neo quimica arena,"{""countryCode"": ""BR"", ""device"": ""DESKTOP"", ""domain"": ""google.com.br"", ""languageCode"": ""pt-BR"", ""locationUule"": null, ""page"": 1, ""resultsPerPage"": 10, ""term"": ""neo quimica arena"", ""type"": ""SEARCH"", ""url"": ""http://www.google.com.br/search?q=neo+quimica+arena&hl=pt-BR""}"
"Neo Qu√≠mica Arena ‚Äì Wikip√©dia, a enciclop√©dia livre",https://pt.wikipedia.org/wiki/Neo_Qu%C3%ADmica_Arena,"A Neo Qu√≠mica Arena, anteriormente denominada como Arena Corinthians, √© um est√°dio de futebol localizado no distrito de Itaquera, na Zona Leste do munic√≠pio¬†...",neo quimica arena,"{""countryCode"": ""BR"", ""device"": ""DESKTOP"", ""domain"": ""google.com.br"", ""languageCode"": ""pt-BR"", ""locationUule"": null, ""page"": 1, ""resultsPerPage"": 10, ""term"": ""neo quimica arena"", ""type"": ""SEARCH"", ""url"": ""http://www.google.com.br/search?q=neo+quimica+arena&hl=pt-BR""}"
Arena Corinthians,https://en.wikipedia.org/wiki/Arena_Corinthians,"Arena Corinthians, also known as the Neo Qu√≠mica Arena for sponsorship reasons, is a sports stadium located in S√£o Paulo, Brazil.",neo quimica arena,"{""countryCode"": ""BR"", ""device"": ""DESKTOP"", ""domain"": ""google.com.br"", ""languageCode"": ""pt-BR"", ""locationUule"": null, ""page"": 1, ""resultsPerPage"": 10, ""term"": ""neo quimica arena"", ""type"": ""SEARCH"", ""url"": ""http://www.google.com.br/search?q=neo+quimica+arena&hl=pt-BR""}"
Neo Qu√≠mica Arena (@neoquimicaarena),https://www.instagram.com/neoquimicaarena/,"üèüÔ∏èCasa do Povo Tour pelos bastidores da Arena Restaurantes e bares todos os dias Shows, festivais, eventos e muito mais! www.neoquimicaarena.com.br.",neo quimica arena,"{""countryCode"": ""BR"", ""device"": ""DESKTOP"", ""domain"": ""google.com.br"", ""languageCode"": ""pt-BR"", ""locationUule"": null, ""page"": 1, ""resultsPerPage"": 10, ""term"": ""neo quimica arena"", ""type"": ""SEARCH"", ""url"": ""http://www.google.com.br/search?q=neo+quimica+arena&hl=pt-BR""}"
Venha visitar a nossa casa e ver os jogos em grande estilo ...,https://www.instagram.com/reel/DQUf_ZbDhiv/,... Neo Qu√≠mica Arena tem um Heliponto homologado para voos diurnos e noturnos? Neo Qu√≠mica Arena ‚Äì Heliponto Corinthians. SBOP - diurno e¬†...,neo quimica arena,"{""countryCode"": ""BR"", ""device"": ""DESKTOP"", ""domain"": ""google.com.br"", ""languageCode"": ""pt-BR"", ""locationUule"": null, ""page"": 1, ""resultsPerPage"": 10, ""term"": ""neo quimica arena"", ""type"": ""SEARCH"", ""url"": ""http://www.google.com.br/search?q=neo+quimica+arena&hl=pt-BR""}"
Neo Qu√≠mica Arena,https://www.meutimao.com.br/neo-quimica-arena,"A Neo Qu√≠mica Arena √© o est√°dio de futebol do Sport Club Corinthians Paulista. Localizada em Itaquera, na Zona Leste de S√£o Paulo, a Arena foi oficialmente¬†...",neo quimica arena,"{""countryCode"": ""BR"", ""device"": ""DESKTOP"", ""domain"": ""google.com.br"", ""languageCode"": ""pt-BR"", ""locationUule"": null, ""page"": 1, ""resultsPerPage"": 10, ""term"": ""neo quimica arena"", ""type"": ""SEARCH"", ""url"": ""http://www.google.com.br/search?q=neo+quimica+arena&hl=pt-BR""}"
Neo Quimica Arena - O que saber antes de ir ...,https://www.tripadvisor.com.br/Attraction_Review-g303631-d4377562-Reviews-Arena_Corinthians_Neo_Quimica_Arena-Sao_Paulo_State_of_Sao_Paulo.html,"O est√°dio tem √≥tima infraestrutura, facilidade de acesso, lojas com bons pre√ßos e √≥timo atendimento. O espa√ßo √© bem amplo, n√£o tem muvuca, arquibancada¬†...",neo quimica arena,"{""countryCode"": ""BR"", ""device"": ""DESKTOP"", ""domain"": ""google.com.br"", ""languageCode"": ""pt-BR"", ""locationUule"": null, ""page"": 1, ""resultsPerPage"": 10, ""term"": ""neo quimica arena"", ""type"": ""SEARCH"", ""url"": ""http://www.google.com.br/search?q=neo+quimica+arena&hl=pt-BR""}"
Neo Qu√≠mica Arena (@NeoQuimicaArena) / Posts / ...,https://x.com/NeoQuimicaArena,The Neo Qu√≠mica Arena stadium building with its curved white roof and modern architecture stands prominently ¬∑ 0.,neo quimica arena,"{""countryCode"": ""BR"", ""device"": ""DESKTOP"", ""domain"": ""google.com.br"", ""languageCode"": ""pt-BR"", ""locationUule"": null, ""page"": 1, ""resultsPerPage"": 10, ""term"": ""neo quimica arena"", ""type"": ""SEARCH"", ""url"": ""http://www.google.com.br/search?q=neo+quimica+arena&hl=pt-BR""}"
Neo Qu√≠mica Arena,https://www.neoquimica.com.br/neo-quimica-arena,"Com foco em preven√ß√£o, a iniciativa contemplou um circuito completo de atendimento para identificar e tratar doen√ßas como hipertens√£o e diabetes; a√ß√£o tamb√©m¬†...",neo quimica arena,"{""countryCode"": ""BR"", ""device"": ""DESKTOP"", ""domain"": ""google.com.br"", ""languageCode"": ""pt-BR"", ""locationUule"": null, ""page"": 1, ""resultsPerPage"": 10, ""term"": ""neo quimica arena"", ""type"": ""SEARCH"", ""url"": ""http://www.google.com.br/search?q=neo+quimica+arena&hl=pt-BR""}"
Neo Qu√≠mica Arena | S√£o Paulo SP,https://www.facebook.com/neoquimicaarenaoficial/?locale=pt_BR,Programa√ß√£o Completa do Dia 12h: Abertura da Casa e In√≠cio do Buffet de Feijoada. 14h: Roda de Samba com o Pagode do Pai. Abertura do Show Principal: A¬†...,neo quimica arena,"{""countryCode"": ""BR"", ""device"": ""DESKTOP"", ""domain"": ""google.com.br"", ""languageCode"": ""pt-BR"", ""locationUule"": null, ""page"": 2, ""resultsPerPage"": 10, ""term"": ""neo quimica arena"", ""type"": ""SEARCH"", ""url"": ""http://www.google.com.br/search?q=neo%20quimica%20arena&hl=pt-BR&start=10""}"
Sport Club Corinthians Paulista - Stadium - Neo Qu√≠mica Arena,https://www.transfermarkt.us/corinthians-sao-paulo/stadion/verein/199,Sport Club Corinthians Paulista ¬∑ Squad size: 32 ¬∑ Average age: 26.3 ¬∑ Foreigners: 8 25.0 %. National team players: 6; Stadium: Neo Qu√≠mica Arena 49.205 Seats¬†...,neo quimica arena,"{""countryCode"": ""BR"", ""device"": ""DESKTOP"", ""domain"": ""google.com.br"", ""languageCode"": ""pt-BR"", ""locationUule"": null, ""page"": 2, ""resultsPerPage"": 10, ""term"": ""neo quimica arena"", ""type"": ""SEARCH"", ""url"": ""http://www.google.com.br/search?q=neo%20quimica%20arena&hl=pt-BR&start=10""}"
"Site Oficial | √öltimas not√≠cias, resultados e pr√≥ximos jogos.",https://www.corinthians.com.br/noticias/Neo+Quimica+Arena,"√öltimas not√≠cias do Corinthians, jogos, resultados, escala√ß√£o, fotos de treinos, futebol feminino, Neo Qu√≠mica Arena, Fiel Torcedor, basquete, futsal, nata√ß√£o,¬†...",neo quimica arena,"{""countryCode"": ""BR"", ""device"": ""DESKTOP"", ""domain"": ""google.com.br"", ""languageCode"": ""pt-BR"", ""locationUule"": null, ""page"": 2, ""resultsPerPage"": 10, ""term"": ""neo quimica arena"", ""type"": ""SEARCH"", ""url"": ""http://www.google.com.br/search?q=neo%20quimica%20arena&hl=pt-BR&start=10""}"
Doe Arena Corinthians,https://www.doearenacorinthians.com.br/,FA√áA PARTE DESSA MISS√ÉO! Neo Qu√≠mica Arena. Textura para efeito 5. Motiva√ß√µes para Doar. 1. Orgulho e Identidade Corinthiana. A Arena Corinthians √© um s√≠mbolo¬†...,neo quimica arena,"{""countryCode"": ""BR"", ""device"": ""DESKTOP"", ""domain"": ""google.com.br"", ""languageCode"": ""pt-BR"", ""locationUule"": null, ""page"": 2, ""resultsPerPage"": 10, ""term"": ""neo quimica arena"", ""type"": ""SEARCH"", ""url"": ""http://www.google.com.br/search?q=neo%20quimica%20arena&hl=pt-BR&start=10""}"
Tour Casa do Povo Venda de ingressos oficial,https://casadopovo.soudaliga.com.br/,"Bastidores Neo Qu√≠mica Arena ; - Meia: R$ 32,50 ¬∑ Dias de semana (Quinta):. - Inteira: R$ 55,00 ; - Meia: R$ 27,50 ¬∑ Finais de semana e feriados: - Inteira: R$ 95,¬†...",neo quimica arena,"{""countryCode"": ""BR"", ""device"": ""DESKTOP"", ""domain"": ""google.com.br"", ""languageCode"": ""pt-BR"", ""locationUule"": null, ""page"": 2, ""resultsPerPage"": 10, ""term"": ""neo quimica arena"", ""type"": ""SEARCH"", ""url"": ""http://www.google.com.br/search?q=neo%20quimica%20arena&hl=pt-BR&start=10""}"
Jogai Por N√≥s - Invas√£o Corinthiana,https://www.invasaocorinthiana.com.br/jogai2022,"Vista o manto alvinegro oficial, utilize depend√™ncias da Neo Qu√≠mica Arena, conhe√ßa grandes √≠dolos do Corinthians e entre em campo com grandes √≠dolos do tim√£o.",neo quimica arena,"{""countryCode"": ""BR"", ""device"": ""DESKTOP"", ""domain"": ""google.com.br"", ""languageCode"": ""pt-BR"", ""locationUule"": null, ""page"": 2, ""resultsPerPage"": 10, ""term"": ""neo quimica arena"", ""type"": ""SEARCH"", ""url"": ""http://www.google.com.br/search?q=neo%20quimica%20arena&hl=pt-BR&start=10""}"
Camarote Fielzone,https://camarotefielzone.com.br/,Surpreenda-se Com a Melhor Experi√™ncia da neo qu√≠mica arena. SINTA ESSA EXPERI√äNCIA. PR√ìXIMOS JOGOS. 02 novembro. Corinthians x Gr√™mio. Campeonato Brasileiro.,neo quimica arena,"{""countryCode"": ""BR"", ""device"": ""DESKTOP"", ""domain"": ""google.com.br"", ""languageCode"": ""pt-BR"", ""locationUule"": null, ""page"": 2, ""resultsPerPage"": 10, ""term"": ""neo quimica arena"", ""type"": ""SEARCH"", ""url"": ""http://www.google.com.br/search?q=neo%20quimica%20arena&hl=pt-BR&start=10""}"
Tudo sobre Neo Qu√≠mica Arena,https://www.cnnbrasil.com.br/tudo-sobre/neo-quimica-arena/,Tudo sobre Neo Qu√≠mica Arena ¬∑ Brasileir√£o: Corinthians encerra jejum na Arena ao vencer o Mirassol ¬∑ Corinthians tenta renegociar juros da d√≠vida da Arena ap√≥s¬†...,neo quimica arena,"{""countryCode"": ""BR"", ""device"": ""DESKTOP"", ""domain"": ""google.com.br"", ""languageCode"": ""pt-BR"", ""locationUule"": null, ""page"": 2, ""resultsPerPage"": 10, ""term"": ""neo quimica arena"", ""type"": ""SEARCH"", ""url"": ""http://www.google.com.br/search?q=neo%20quimica%20arena&hl=pt-BR&start=10""}"
Neo Quimica Arena - Ingressos Camarote One,https://www.oneexperience.com.br/espacos/neo-quimica-arena,"Com uma capacidade para mais de 48.000 espectadores, o est√°dio √© palco de jogos emocionantes e eventos inesquec√≠veis. Venha fazer parte dessa hist√≥ria e viver¬†...",neo quimica arena,"{""countryCode"": ""BR"", ""device"": ""DESKTOP"", ""domain"": ""google.com.br"", ""languageCode"": ""pt-BR"", ""locationUule"": null, ""page"": 2, ""resultsPerPage"": 10, ""term"": ""neo quimica arena"", ""type"": ""SEARCH"", ""url"": ""http://www.google.com.br/search?q=neo%20quimica%20arena&hl=pt-BR&start=10""}"
Principais resultados,https://gavioes.com.br/,"NOSSOS PARCEIROS ¬∑ Blink Planet ¬∑ Esportes da Sorte ¬∑ Seja um Parceiro. Gavi√µes da Fiel. Torcida, carnaval, fam√≠lia, projetos sociais, forma√ß√£o pol√≠tica, lazer,¬†...Perfil Oficial da Maior Torcida Organizada do Brasil Gavi√µes da Fiel Torcida - Fundada em 01/07/1969. volve.bio/gavioes-da-fiel + 1.Fundada em 1969, localiza-se no bairro do Bom Retiro, contando com mais de 140 mil associados. Foi a primeira torcida organizada do Brasil a ter uma estrutura¬†...Desde 1969, os Gavi√µes da Fiel vem sendo refer√™ncia em torcida organizada no Brasil e todo o mundo. Torcida Organizada Banner ¬∑ Torcida Organizada Banner 2.Doe, participe e mostre que o amor pelo Tim√£o tamb√©m se vive fora de campo. Participe em: www.doearenacorinthians.com.br E marca aqui quem voc√™ levaria pra¬†...No Gavi√µes da Fiel, esse esp√≠rito democr√°tico pulsa forte. A cada tr√™s anos, nossos associados escolhem, por voto direto, quem ser√° o presidente da torcida.Gr√™mio Gavi√µes da Fiel Torcida - a Saliva do Santo e o Veneno da Serpente - Ao vivo. 967.590. Sou Tim√£o At√© Morrer. 600.164¬†...O Gr√™mio Gavi√µes da Fiel Torcida √© a maior torcida organizada do Sport Club Corinthians Paulista. Al√©m disso, √© considerada a maior organizada do Brasil.Nascemos e vivemos para o Sport Club Corinthians Paulista, bandeira que defendemos e nos orgulhamos acima de tudo. ...more",gavioes da fiel,"{""countryCode"": ""BR"", ""device"": ""DESKTOP"", ""domain"": ""google.com.br"", ""languageCode"": ""pt-BR"", ""locationUule"": null, ""page"": 1, ""resultsPerPage"": 10, ""term"": ""gavioes da fiel"", ""type"": ""SEARCH"", ""url"": ""http://www.google.com.br/search?q=gavioes+da+fiel&hl=pt-BR""}"
Gavi√µes da Fiel,https://gavioes.com.br/,"NOSSOS PARCEIROS ¬∑ Blink Planet ¬∑ Esportes da Sorte ¬∑ Seja um Parceiro. Gavi√µes da Fiel. Torcida, carnaval, fam√≠lia, projetos sociais, forma√ß√£o pol√≠tica, lazer,¬†...",gavioes da fiel,"{""countryCode"": ""BR"", ""device"": ""DESKTOP"", ""domain"": ""google.com.br"", ""languageCode"": ""pt-BR"", ""locationUule"": null, ""page"": 1, ""resultsPerPage"": 10, ""term"": ""gavioes da fiel"", ""type"": ""SEARCH"", ""url"": ""http://www.google.com.br/search?q=gavioes+da+fiel&hl=pt-BR""}"
Gavi√µes da Fiel (@gavioesoficial),https://www.instagram.com/gavioesoficial/,Perfil Oficial da Maior Torcida Organizada do Brasil Gavi√µes da Fiel Torcida - Fundada em 01/07/1969. volve.bio/gavioes-da-fiel + 1.,gavioes da fiel,"{""countryCode"": ""BR"", ""device"": ""DESKTOP"", ""domain"": ""google.com.br"", ""languageCode"": ""pt-BR"", ""locationUule"": null, ""page"": 1, ""resultsPerPage"": 10, ""term"": ""gavioes da fiel"", ""type"": ""SEARCH"", ""url"": ""http://www.google.com.br/search?q=gavioes+da+fiel&hl=pt-BR""}"
"Gavi√µes da Fiel ‚Äì Wikip√©dia, a enciclop√©dia livre",https://pt.wikipedia.org/wiki/Gavi%C3%B5es_da_Fiel,"Fundada em 1969, localiza-se no bairro do Bom Retiro, contando com mais de 140 mil associados. Foi a primeira torcida organizada do Brasil a ter uma estrutura¬†...",gavioes da fiel,"{""countryCode"": ""BR"", ""device"": ""DESKTOP"", ""domain"": ""google.com.br"", ""languageCode"": ""pt-BR"", ""locationUule"": null, ""page"": 1, ""resultsPerPage"": 10, ""term"": ""gavioes da fiel"", ""type"": ""SEARCH"", ""url"": ""http://www.google.com.br/search?q=gavioes+da+fiel&hl=pt-BR""}"
Gavi√µes da Fiel,https://www.lojagavioes.com.br/,"Desde 1969, os Gavi√µes da Fiel vem sendo refer√™ncia em torcida organizada no Brasil e todo o mundo. Torcida Organizada Banner ¬∑ Torcida Organizada Banner 2.",gavioes da fiel,"{""countryCode"": ""BR"", ""device"": ""DESKTOP"", ""domain"": ""google.com.br"", ""languageCode"": ""pt-BR"", ""locationUule"": null, ""page"": 1, ""resultsPerPage"": 10, ""term"": ""gavioes da fiel"", ""type"": ""SEARCH"", ""url"": ""http://www.google.com.br/search?q=gavioes+da+fiel&hl=pt-BR""}"
Gr√™mio Gavi√µes da Fiel Torcida | S√£o Paulo SP,https://www.facebook.com/gavioesoficial1969/,"Doe, participe e mostre que o amor pelo Tim√£o tamb√©m se vive fora de campo. Participe em: www.doearenacorinthians.com.br E marca aqui quem voc√™ levaria pra¬†...",gavioes da fiel,"{""countryCode"": ""BR"", ""device"": ""DESKTOP"", ""domain"": ""google.com.br"", ""languageCode"": ""pt-BR"", ""locationUule"": null, ""page"": 1, ""resultsPerPage"": 10, ""term"": ""gavioes da fiel"", ""type"": ""SEARCH"", ""url"": ""http://www.google.com.br/search?q=gavioes+da+fiel&hl=pt-BR""}"
GAVI√ïES DA FIEL (@gavioesoficial) / Posts / ...,https://x.com/gavioesoficial,"No Gavi√µes da Fiel, esse esp√≠rito democr√°tico pulsa forte. A cada tr√™s anos, nossos associados escolhem, por voto direto, quem ser√° o presidente da torcida.",gavioes da fiel,"{""countryCode"": ""BR"", ""device"": ""DESKTOP"", ""domain"": ""google.com.br"", ""languageCode"": ""pt-BR"", ""locationUule"": null, ""page"": 1, ""resultsPerPage"": 10, ""term"": ""gavioes da fiel"", ""type"": ""SEARCH"", ""url"": ""http://www.google.com.br/search?q=gavioes+da+fiel&hl=pt-BR""}"
Gavi√µes da Fiel,https://open.spotify.com/intl-pt/artist/7fE2LElcuVn3n6TWwfO34b,Gr√™mio Gavi√µes da Fiel Torcida - a Saliva do Santo e o Veneno da Serpente - Ao vivo. 967.590. Sou Tim√£o At√© Morrer. 600.164¬†...,gavioes da fiel,"{""countryCode"": ""BR"", ""device"": ""DESKTOP"", ""domain"": ""google.com.br"", ""languageCode"": ""pt-BR"", ""locationUule"": null, ""page"": 1, ""resultsPerPage"": 10, ""term"": ""gavioes da fiel"", ""type"": ""SEARCH"", ""url"": ""http://www.google.com.br/search?q=gavioes+da+fiel&hl=pt-BR""}"
Gr√™mio Gavi√µes da Fiel Torcida,https://gavioes.com.br/quem-somos.php,"O Gr√™mio Gavi√µes da Fiel Torcida √© a maior torcida organizada do Sport Club Corinthians Paulista. Al√©m disso, √© considerada a maior organizada do Brasil.",gavioes da fiel,"{""countryCode"": ""BR"", ""device"": ""DESKTOP"", ""domain"": ""google.com.br"", ""languageCode"": ""pt-BR"", ""locationUule"": null, ""page"": 1, ""resultsPerPage"": 10, ""term"": ""gavioes da fiel"", ""type"": ""SEARCH"", ""url"": ""http://www.google.com.br/search?q=gavioes+da+fiel&hl=pt-BR""}"
Gavi√µes TV,https://www.youtube.com/channel/UCIDCgW8No_ZBPSZ1dGiatPg,"Nascemos e vivemos para o Sport Club Corinthians Paulista, bandeira que defendemos e nos orgulhamos acima de tudo. ...more",gavioes da fiel,"{""countryCode"": ""BR"", ""device"": ""DESKTOP"", ""domain"": ""google.com.br"", ""languageCode"": ""pt-BR"", ""locationUule"": null, ""page"": 1, ""resultsPerPage"": 10, ""term"": ""gavioes da fiel"", ""type"": ""SEARCH"", ""url"": ""http://www.google.com.br/search?q=gavioes+da+fiel&hl=pt-BR""}"
Gr√™mio Gavi√µes da Fiel Torcida | S√£o Paulo SP,https://www.facebook.com/gavioesoficial1969/,"Doe, participe e mostre que o amor pelo Tim√£o tamb√©m se vive fora de campo. Participe em: www.doearenacorinthians.com.br E marca aqui quem voc√™ levaria pra¬†...",gavioes da fiel,"{""countryCode"": ""BR"", ""device"": ""DESKTOP"", ""domain"": ""google.com.br"", ""languageCode"": ""pt-BR"", ""locationUule"": null, ""page"": 2, ""resultsPerPage"": 10, ""term"": ""gavioes da fiel"", ""type"": ""SEARCH"", ""url"": ""http://www.google.com.br/search?q=gavioes%20da%20fiel&hl=pt-BR&start=10""}"
GAVI√ïES DA FIEL (@gavioesoficial) / Posts / ...,https://x.com/gavioesoficial,"No Gavi√µes da Fiel, esse esp√≠rito democr√°tico pulsa forte. A cada tr√™s anos, nossos associados escolhem, por voto direto, quem ser√° o presidente da torcida.",gavioes da fiel,"{""countryCode"": ""BR"", ""device"": ""DESKTOP"", ""domain"": ""google.com.br"", ""languageCode"": ""pt-BR"", ""locationUule"": null, ""page"": 2, ""resultsPerPage"": 10, ""term"": ""gavioes da fiel"", ""type"": ""SEARCH"", ""url"": ""http://www.google.com.br/search?q=gavioes%20da%20fiel&hl=pt-BR&start=10""}"
Gavi√µes da Fiel | Escola de Samba | G1,https://g1.globo.com/carnaval/escola-de-samba/gavioes-da-fiel/,"Escola conquistou o 15¬∫ t√≠tulo, e segue sendo a 3¬™ maior vencedora do carnaval carioca. A Grande Rio ficou em segundo lugar. Em √∫ltimo, Unidos do Padre Miguel¬†...",gavioes da fiel,"{""countryCode"": ""BR"", ""device"": ""DESKTOP"", ""domain"": ""google.com.br"", ""languageCode"": ""pt-BR"", ""locationUule"": null, ""page"": 2, ""resultsPerPage"": 10, ""term"": ""gavioes da fiel"", ""type"": ""SEARCH"", ""url"": ""http://www.google.com.br/search?q=gavioes%20da%20fiel&hl=pt-BR&start=10""}"
Gavi√µes da Fiel,https://open.spotify.com/intl-pt/artist/7fE2LElcuVn3n6TWwfO34b,Gr√™mio Gavi√µes da Fiel Torcida - a Saliva do Santo e o Veneno da Serpente - Ao vivo. 967.590. Sou Tim√£o At√© Morrer. 600.164¬†...,gavioes da fiel,"{""countryCode"": ""BR"", ""device"": ""DESKTOP"", ""domain"": ""google.com.br"", ""languageCode"": ""pt-BR"", ""locationUule"": null, ""page"": 2, ""resultsPerPage"": 10, ""term"": ""gavioes da fiel"", ""type"": ""SEARCH"", ""url"": ""http://www.google.com.br/search?q=gavioes%20da%20fiel&hl=pt-BR&start=10""}"
Masculino,https://www.lojagavioes.com.br/masculino/c,"2024 Todos os direitos reservados | Gavi√µes da Fiel | R. Cristina Tom√°s, 183 - Bom Retiro, S√£o Paulo - SP, 01129-020 - 46.549.010/0001-81. Gavi√µes da Fiel.",gavioes da fiel,"{""countryCode"": ""BR"", ""device"": ""DESKTOP"", ""domain"": ""google.com.br"", ""languageCode"": ""pt-BR"", ""locationUule"": null, ""page"": 2, ""resultsPerPage"": 10, ""term"": ""gavioes da fiel"", ""type"": ""SEARCH"", ""url"": ""http://www.google.com.br/search?q=gavioes%20da%20fiel&hl=pt-BR&start=10""}"
Tudo sobre Gavi√µes da Fiel,https://www.cnnbrasil.com.br/tudo-sobre/gavioes-da-fiel/,"Tudo sobre Gavi√µes da Fiel ¬∑ Ex-bailarina do Faust√£o perde 12 kg ap√≥s deixar a pris√£o: ""P√£o e ¬∑ Com enredo ind√≠gena, Gavi√µes da Fiel define samba para o¬†...",gavioes da fiel,"{""countryCode"": ""BR"", ""device"": ""DESKTOP"", ""domain"": ""google.com.br"", ""languageCode"": ""pt-BR"", ""locationUule"": null, ""page"": 2, ""resultsPerPage"": 10, ""term"": ""gavioes da fiel"", ""type"": ""SEARCH"", ""url"": ""http://www.google.com.br/search?q=gavioes%20da%20fiel&hl=pt-BR&start=10""}"
Gavioes Da Fiel | MercadoLivre üì¶,https://lista.mercadolivre.com.br/gavioes-da-fiel,Frete gr√°tis no dia ‚úì Compre Gavioes Da Fiel parcelado sem juros! Saiba mais sobre nossas incr√≠veis ofertas e promo√ß√µes em milh√µes de produtos.,gavioes da fiel,"{""countryCode"": ""BR"", ""device"": ""DESKTOP"", ""domain"": ""google.com.br"", ""languageCode"": ""pt-BR"", ""locationUule"": null, ""page"": 2, ""resultsPerPage"": 10, ""term"": ""gavioes da fiel"", ""type"": ""SEARCH"", ""url"": ""http://www.google.com.br/search?q=gavioes%20da%20fiel&hl=pt-BR&start=10""}"
Gavi√µes da Fiel (@gavioesoficial),https://www.instagram.com/gavioesoficial/reels/,Perfil Oficial da Maior Torcida Organizada do Brasil Gavi√µes da Fiel Torcida - Fundada em 01/07/1969. volve.bio/gavioes-da-fiel + 1. Follow. Message.,gavioes da fiel,"{""countryCode"": ""BR"", ""device"": ""DESKTOP"", ""domain"": ""google.com.br"", ""languageCode"": ""pt-BR"", ""locationUule"": null, ""page"": 2, ""resultsPerPage"": 10, ""term"": ""gavioes da fiel"", ""type"": ""SEARCH"", ""url"": ""http://www.google.com.br/search?q=gavioes%20da%20fiel&hl=pt-BR&start=10""}"
Gavi√µes TV,https://www.youtube.com/channel/UCIDCgW8No_ZBPSZ1dGiatPg,"Nascemos e vivemos para o Sport Club Corinthians Paulista, bandeira que defendemos e nos orgulhamos acima de tudo. ...more",gavioes da fiel,"{""countryCode"": ""BR"", ""device"": ""DESKTOP"", ""domain"": ""google.com.br"", ""languageCode"": ""pt-BR"", ""locationUule"": null, ""page"": 2, ""resultsPerPage"": 10, ""term"": ""gavioes da fiel"", ""type"": ""SEARCH"", ""url"": ""http://www.google.com.br/search?q=gavioes%20da%20fiel&hl=pt-BR&start=10""}"
Regata da Gavi√µes da Fiel em Oferta,https://shopee.com.br/list/Regata/Gavi%C3%B5es%20da%20Fiel,"Na Shopee, voc√™ encontra os melhores Regata Gavi√µes da Fiel, com op√ß√µes para o ver√£o, inverno, uso casual, esportivo ou at√© para ficar em casa com estilo,¬†...",gavioes da fiel,"{""countryCode"": ""BR"", ""device"": ""DESKTOP"", ""domain"": ""google.com.br"", ""languageCode"": ""pt-BR"", ""locationUule"": null, ""page"": 2, ""resultsPerPage"": 10, ""term"": ""gavioes da fiel"", ""type"": ""SEARCH"", ""url"": ""http://www.google.com.br/search?q=gavioes%20da%20fiel&hl=pt-BR&start=10""}"
