query,url,__term,searchQuery
,https://www.google.com.br/search?sca_esv=ee794735903e3348&hl=pt-BR&q=Jogo+do+Corinthians+de+hoje&sa=X&ved=2ahUKEwiHhbau-sSQAxXplSYFHS45HhUQ1QJ6BQiAARAB,Corinthians,"{""countryCode"": ""BR"", ""device"": ""DESKTOP"", ""domain"": ""google.com.br"", ""languageCode"": ""pt-BR"", ""locationUule"": null, ""page"": 1, ""resultsPerPage"": 10, ""term"": ""Corinthians"", ""type"": ""SEARCH"", ""url"": ""http://www.google.com.br/search?q=Corinthians&hl=pt-BR""}"
,https://www.google.com.br/search?sca_esv=ee794735903e3348&hl=pt-BR&q=Gazeta+Corinthians&sa=X&ved=2ahUKEwiHhbau-sSQAxXplSYFHS45HhUQ1QJ6BQiGARAB,Corinthians,"{""countryCode"": ""BR"", ""device"": ""DESKTOP"", ""domain"": ""google.com.br"", ""languageCode"": ""pt-BR"", ""locationUule"": null, ""page"": 1, ""resultsPerPage"": 10, ""term"": ""Corinthians"", ""type"": ""SEARCH"", ""url"": ""http://www.google.com.br/search?q=Corinthians&hl=pt-BR""}"
,https://www.google.com.br/search?sca_esv=ee794735903e3348&hl=pt-BR&q=Corinthians+e+vit%C3%B3ria&sa=X&ved=2ahUKEwiHhbau-sSQAxXplSYFHS45HhUQ1QJ6BQiDARAB,Corinthians,"{""countryCode"": ""BR"", ""device"": ""DESKTOP"", ""domain"": ""google.com.br"", ""languageCode"": ""pt-BR"", ""locationUule"": null, ""page"": 1, ""resultsPerPage"": 10, ""term"": ""Corinthians"", ""type"": ""SEARCH"", ""url"": ""http://www.google.com.br/search?q=Corinthians&hl=pt-BR""}"
,https://www.google.com.br/search?sca_esv=ee794735903e3348&hl=pt-BR&q=Melhores+momentos+corinthians&sa=X&ved=2ahUKEwiHhbau-sSQAxXplSYFHS45HhUQ1QJ6BAh_EAE,Corinthians,"{""countryCode"": ""BR"", ""device"": ""DESKTOP"", ""domain"": ""google.com.br"", ""languageCode"": ""pt-BR"", ""locationUule"": null, ""page"": 1, ""resultsPerPage"": 10, ""term"": ""Corinthians"", ""type"": ""SEARCH"", ""url"": ""http://www.google.com.br/search?q=Corinthians&hl=pt-BR""}"
,https://www.google.com.br/search?sca_esv=ee794735903e3348&hl=pt-BR&q=Corinthians+hoje+Brasileir%C3%A3o&sa=X&ved=2ahUKEwiHhbau-sSQAxXplSYFHS45HhUQ1QJ6BQiCARAB,Corinthians,"{""countryCode"": ""BR"", ""device"": ""DESKTOP"", ""domain"": ""google.com.br"", ""languageCode"": ""pt-BR"", ""locationUule"": null, ""page"": 1, ""resultsPerPage"": 10, ""term"": ""Corinthians"", ""type"": ""SEARCH"", ""url"": ""http://www.google.com.br/search?q=Corinthians&hl=pt-BR""}"
,https://www.google.com.br/search?sca_esv=ee794735903e3348&hl=pt-BR&q=Corinthians+hoje+Feminino&sa=X&ved=2ahUKEwiHhbau-sSQAxXplSYFHS45HhUQ1QJ6BQiBARAB,Corinthians,"{""countryCode"": ""BR"", ""device"": ""DESKTOP"", ""domain"": ""google.com.br"", ""languageCode"": ""pt-BR"", ""locationUule"": null, ""page"": 1, ""resultsPerPage"": 10, ""term"": ""Corinthians"", ""type"": ""SEARCH"", ""url"": ""http://www.google.com.br/search?q=Corinthians&hl=pt-BR""}"
,https://www.google.com.br/search?sca_esv=ee794735903e3348&hl=pt-BR&q=Jogo+do+Corinthians:+onde+assistir&sa=X&ved=2ahUKEwiHhbau-sSQAxXplSYFHS45HhUQ1QJ6BQiEARAB,Corinthians,"{""countryCode"": ""BR"", ""device"": ""DESKTOP"", ""domain"": ""google.com.br"", ""languageCode"": ""pt-BR"", ""locationUule"": null, ""page"": 1, ""resultsPerPage"": 10, ""term"": ""Corinthians"", ""type"": ""SEARCH"", ""url"": ""http://www.google.com.br/search?q=Corinthians&hl=pt-BR""}"
,https://www.google.com.br/search?sca_esv=ee794735903e3348&hl=pt-BR&q=Not%C3%ADcias+do+Corinthians+hoje&sa=X&ved=2ahUKEwiHhbau-sSQAxXplSYFHS45HhUQ1QJ6BQiFARAB,Corinthians,"{""countryCode"": ""BR"", ""device"": ""DESKTOP"", ""domain"": ""google.com.br"", ""languageCode"": ""pt-BR"", ""locationUule"": null, ""page"": 1, ""resultsPerPage"": 10, ""term"": ""Corinthians"", ""type"": ""SEARCH"", ""url"": ""http://www.google.com.br/search?q=Corinthians&hl=pt-BR""}"
,https://www.google.com.br/search?sca_esv=ee794735903e3348&hl=pt-BR&q=Sociedade+Esportiva+Palmeiras&stick=H4sIAAAAAAAAAOMwVOLUz9U3MLTMKU_6xciwgYXhFQs3F0IMiZdrYoQsV5GL4BmbGsUjy5VUIuszM0CRS0eWS85F5llmIPNMDRexygbnJ2empiSmpCq4FhfkF5VkliUqBCTm5KZmFiUW32KTZNi9qOMni-t-w42Wxhs3iT3ezv7L_W9t2oyViziU_EtLgIoUClKLi_OBdElibtLhlbkgfmFpZnFiUWLuCg5GAB85VRkDAQAA&sa=X&ved=2ahUKEwj2jaaw-sSQAxUoSTABHRl5LsM4ChCz2gEoAHoECCwQCg,Corinthians,"{""countryCode"": ""BR"", ""device"": ""DESKTOP"", ""domain"": ""google.com.br"", ""languageCode"": ""pt-BR"", ""locationUule"": null, ""page"": 2, ""resultsPerPage"": 10, ""term"": ""Corinthians"", ""type"": ""SEARCH"", ""url"": ""http://www.google.com.br/search?q=Corinthians&hl=pt-BR&start=10""}"
,https://www.google.com.br/search?sca_esv=ee794735903e3348&hl=pt-BR&q=S%C3%A3o+Paulo+Futebol+Clube&stick=H4sIAAAAAAAAAOMwVOLUz9U3MLTMNTH6xciwgYXhFQs3F1QspzwJiQdUgSxXkYvgGZsaxSPLlVQi6zMzQJFLR5ZLzkXmWWYg80wNF7FKBB9enK8QkFiak6_gVlqSmpSfo-CcU5qUeotNkmH3oo6fLK77DTdaGm_cJPZ4O_sv97-1aTNWLuJQ8i8tKUosVihILS7OB9IliblJh1fmgviFpZnFiUWJuSs4GAERK9GG_gAAAA&sa=X&ved=2ahUKEwj2jaaw-sSQAxUoSTABHRl5LsM4ChCz2gEoAHoECCwQDw,Corinthians,"{""countryCode"": ""BR"", ""device"": ""DESKTOP"", ""domain"": ""google.com.br"", ""languageCode"": ""pt-BR"", ""locationUule"": null, ""page"": 2, ""resultsPerPage"": 10, ""term"": ""Corinthians"", ""type"": ""SEARCH"", ""url"": ""http://www.google.com.br/search?q=Corinthians&hl=pt-BR&start=10""}"
,https://www.google.com.br/search?sca_esv=ee794735903e3348&hl=pt-BR&q=Santos+Futebol+Clube&stick=H4sIAAAAAAAAAOMwVOLUz9U3MLTMqcj9xciwgYXhFQs3F0ysPAmJl2tihCxXkYvgGZsaxSPLlVQi6zMzQJFLR5ZLzkXmWWYg80wNF7GKBCfmleQXK7iVlqQm5ecoOOeUJqXeYpNk2L2o4yeL637DjZbGGzeJPd7O_sv9b23ajJWLOJT8S0uKEosVClKLi_OBdElibtLhlbkgfmFpZnFiUWLuCg5GAPwmEGf6AAAA&sa=X&ved=2ahUKEwj2jaaw-sSQAxUoSTABHRl5LsM4ChCz2gEoAHoECCwQFA,Corinthians,"{""countryCode"": ""BR"", ""device"": ""DESKTOP"", ""domain"": ""google.com.br"", ""languageCode"": ""pt-BR"", ""locationUule"": null, ""page"": 2, ""resultsPerPage"": 10, ""term"": ""Corinthians"", ""type"": ""SEARCH"", ""url"": ""http://www.google.com.br/search?q=Corinthians&hl=pt-BR&start=10""}"
,https://www.google.com.br/search?sca_esv=ee794735903e3348&hl=pt-BR&q=Sele%C3%A7%C3%A3o+Brasileira&stick=H4sIAAAAAAAAAOMwVOLUz9U3MDQ2NYr_xciwgYXhFQs3F0TMMqc8CYmXa2KELFeRi-CBdCPLlVQi6zMzQJFLR5ZLzkXmWWYg80wNF7GKBKfmpB5efnhxvoJTUWJxZk5qZlHiLTZJht2LOn6yuO433GhpvHGT2OPt7L_c_9amzVi5iEPJv7QEqFShILW4OB9IlyTmJh1emQviF5ZmFicWJeau4GAEAOOXGCT6AAAA&sa=X&ved=2ahUKEwj2jaaw-sSQAxUoSTABHRl5LsM4ChCz2gEoAHoECCwQGQ,Corinthians,"{""countryCode"": ""BR"", ""device"": ""DESKTOP"", ""domain"": ""google.com.br"", ""languageCode"": ""pt-BR"", ""locationUule"": null, ""page"": 2, ""resultsPerPage"": 10, ""term"": ""Corinthians"", ""type"": ""SEARCH"", ""url"": ""http://www.google.com.br/search?q=Corinthians&hl=pt-BR&start=10""}"
,https://www.google.com.br/search?sca_esv=ee794735903e3348&hl=pt-BR&q=Flamengo&stick=H4sIAAAAAAAAAOMwVOLUz9U3MLTMKan8xciwgYXhFQs3F0ysPAmJl2tihCxXkYvgGZsaxSPLlVQi6zMzQJFLR5ZLzkXmWWYg80wNF7FyuOUk5qbmpeffYpNk2L2o4yeL637DjZbGGzeJPd7O_sv9b23ajJWLOJT8S0uKEosVClKLi_OBdElibtLhlbkgfmFpZnFiUWLuCg5GAIQBsaTuAAAA&sa=X&ved=2ahUKEwj2jaaw-sSQAxUoSTABHRl5LsM4ChCz2gEoAHoECCwQHg,Corinthians,"{""countryCode"": ""BR"", ""device"": ""DESKTOP"", ""domain"": ""google.com.br"", ""languageCode"": ""pt-BR"", ""locationUule"": null, ""page"": 2, ""resultsPerPage"": 10, ""term"": ""Corinthians"", ""type"": ""SEARCH"", ""url"": ""http://www.google.com.br/search?q=Corinthians&hl=pt-BR&start=10""}"
,https://www.google.com.br/search?sca_esv=ee794735903e3348&hl=pt-BR&q=Cruzeiro+Esporte+Clube&stick=H4sIAAAAAAAAAOMwVOLUz9U3MLTMNTP4xciwgYXhFQs3F1QspzwJiZdrYoQsV5GL4BmbGsUjy5VUIuszM0CRS0eWS85F5llmIPNMDRexijkXlValZhblK7gWF-QXlaQqOOeUJqXeYpNk2L2o4yeL637DjZbGGzeJPd7O_sv9b23ajJWLOJT8S0uKEosVClKLi_OBdElibtLhlbkgfmFpZnFiUWLuCg5GADLCdvT8AAAA&sa=X&ved=2ahUKEwj2jaaw-sSQAxUoSTABHRl5LsM4ChCz2gEoAHoECCwQIw,Corinthians,"{""countryCode"": ""BR"", ""device"": ""DESKTOP"", ""domain"": ""google.com.br"", ""languageCode"": ""pt-BR"", ""locationUule"": null, ""page"": 2, ""resultsPerPage"": 10, ""term"": ""Corinthians"", ""type"": ""SEARCH"", ""url"": ""http://www.google.com.br/search?q=Corinthians&hl=pt-BR&start=10""}"
,https://www.google.com.br/search?sca_esv=ee794735903e3348&hl=pt-BR&q=Corinthians+jogo&sa=X&ved=2ahUKEwj2jaaw-sSQAxUoSTABHRl5LsM4ChDVAnoECC4QAQ,Corinthians,"{""countryCode"": ""BR"", ""device"": ""DESKTOP"", ""domain"": ""google.com.br"", ""languageCode"": ""pt-BR"", ""locationUule"": null, ""page"": 2, ""resultsPerPage"": 10, ""term"": ""Corinthians"", ""type"": ""SEARCH"", ""url"": ""http://www.google.com.br/search?q=Corinthians&hl=pt-BR&start=10""}"
,https://www.google.com.br/search?sca_esv=ee794735903e3348&hl=pt-BR&q=Jogo+do+Corinthians+ao+vivo&sa=X&ved=2ahUKEwj2jaaw-sSQAxUoSTABHRl5LsM4ChDVAnoECDEQAQ,Corinthians,"{""countryCode"": ""BR"", ""device"": ""DESKTOP"", ""domain"": ""google.com.br"", ""languageCode"": ""pt-BR"", ""locationUule"": null, ""page"": 2, ""resultsPerPage"": 10, ""term"": ""Corinthians"", ""type"": ""SEARCH"", ""url"": ""http://www.google.com.br/search?q=Corinthians&hl=pt-BR&start=10""}"
,https://www.google.com.br/search?sca_esv=ee794735903e3348&hl=pt-BR&q=Gazeta+Corinthians&sa=X&ved=2ahUKEwj2jaaw-sSQAxUoSTABHRl5LsM4ChDVAnoECDYQAQ,Corinthians,"{""countryCode"": ""BR"", ""device"": ""DESKTOP"", ""domain"": ""google.com.br"", ""languageCode"": ""pt-BR"", ""locationUule"": null, ""page"": 2, ""resultsPerPage"": 10, ""term"": ""Corinthians"", ""type"": ""SEARCH"", ""url"": ""http://www.google.com.br/search?q=Corinthians&hl=pt-BR&start=10""}"
,https://www.google.com.br/search?sca_esv=ee794735903e3348&hl=pt-BR&q=Corinthians+e+vit%C3%B3ria&sa=X&ved=2ahUKEwj2jaaw-sSQAxUoSTABHRl5LsM4ChDVAnoECDcQAQ,Corinthians,"{""countryCode"": ""BR"", ""device"": ""DESKTOP"", ""domain"": ""google.com.br"", ""languageCode"": ""pt-BR"", ""locationUule"": null, ""page"": 2, ""resultsPerPage"": 10, ""term"": ""Corinthians"", ""type"": ""SEARCH"", ""url"": ""http://www.google.com.br/search?q=Corinthians&hl=pt-BR&start=10""}"
,https://www.google.com.br/search?sca_esv=ee794735903e3348&hl=pt-BR&q=Melhores+momentos+corinthians&sa=X&ved=2ahUKEwj2jaaw-sSQAxUoSTABHRl5LsM4ChDVAnoECDkQAQ,Corinthians,"{""countryCode"": ""BR"", ""device"": ""DESKTOP"", ""domain"": ""google.com.br"", ""languageCode"": ""pt-BR"", ""locationUule"": null, ""page"": 2, ""resultsPerPage"": 10, ""term"": ""Corinthians"", ""type"": ""SEARCH"", ""url"": ""http://www.google.com.br/search?q=Corinthians&hl=pt-BR&start=10""}"
,https://www.google.com.br/search?sca_esv=ee794735903e3348&hl=pt-BR&q=Corinthians+hoje+Brasileir%C3%A3o&sa=X&ved=2ahUKEwj2jaaw-sSQAxUoSTABHRl5LsM4ChDVAnoECDoQAQ,Corinthians,"{""countryCode"": ""BR"", ""device"": ""DESKTOP"", ""domain"": ""google.com.br"", ""languageCode"": ""pt-BR"", ""locationUule"": null, ""page"": 2, ""resultsPerPage"": 10, ""term"": ""Corinthians"", ""type"": ""SEARCH"", ""url"": ""http://www.google.com.br/search?q=Corinthians&hl=pt-BR&start=10""}"
,https://www.google.com.br/search?sca_esv=ee794735903e3348&hl=pt-BR&q=Corinthians+hoje+Feminino&sa=X&ved=2ahUKEwj2jaaw-sSQAxUoSTABHRl5LsM4ChDVAnoECC8QAQ,Corinthians,"{""countryCode"": ""BR"", ""device"": ""DESKTOP"", ""domain"": ""google.com.br"", ""languageCode"": ""pt-BR"", ""locationUule"": null, ""page"": 2, ""resultsPerPage"": 10, ""term"": ""Corinthians"", ""type"": ""SEARCH"", ""url"": ""http://www.google.com.br/search?q=Corinthians&hl=pt-BR&start=10""}"
,https://www.google.com.br/search?sca_esv=ee794735903e3348&hl=pt-BR&q=Jogo+do+Corinthians:+onde+assistir&sa=X&ved=2ahUKEwj2jaaw-sSQAxUoSTABHRl5LsM4ChDVAnoECDAQAQ,Corinthians,"{""countryCode"": ""BR"", ""device"": ""DESKTOP"", ""domain"": ""google.com.br"", ""languageCode"": ""pt-BR"", ""locationUule"": null, ""page"": 2, ""resultsPerPage"": 10, ""term"": ""Corinthians"", ""type"": ""SEARCH"", ""url"": ""http://www.google.com.br/search?q=Corinthians&hl=pt-BR&start=10""}"
,https://www.google.com.br/search?sca_esv=ee794735903e3348&hl=pt-BR&q=Meu+tim%C3%A3o&sa=X&ved=2ahUKEwi369m2-sSQAxXY5TQHHckYIX8Q1QJ6BQiMARAB,timão,"{""countryCode"": ""BR"", ""device"": ""DESKTOP"", ""domain"": ""google.com.br"", ""languageCode"": ""pt-BR"", ""locationUule"": null, ""page"": 1, ""resultsPerPage"": 10, ""term"": ""timão"", ""type"": ""SEARCH"", ""url"": ""http://www.google.com.br/search?q=tim%C3%A3o&hl=pt-BR""}"
,https://www.google.com.br/search?sca_esv=ee794735903e3348&hl=pt-BR&q=ESPN+Corinthians&sa=X&ved=2ahUKEwi369m2-sSQAxXY5TQHHckYIX8Q1QJ6BQiNARAB,timão,"{""countryCode"": ""BR"", ""device"": ""DESKTOP"", ""domain"": ""google.com.br"", ""languageCode"": ""pt-BR"", ""locationUule"": null, ""page"": 1, ""resultsPerPage"": 10, ""term"": ""timão"", ""type"": ""SEARCH"", ""url"": ""http://www.google.com.br/search?q=tim%C3%A3o&hl=pt-BR""}"
,https://www.google.com.br/search?sca_esv=ee794735903e3348&hl=pt-BR&q=Meu+Tim%C3%A3o+loja&sa=X&ved=2ahUKEwi369m2-sSQAxXY5TQHHckYIX8Q1QJ6BQiOARAB,timão,"{""countryCode"": ""BR"", ""device"": ""DESKTOP"", ""domain"": ""google.com.br"", ""languageCode"": ""pt-BR"", ""locationUule"": null, ""page"": 1, ""resultsPerPage"": 10, ""term"": ""timão"", ""type"": ""SEARCH"", ""url"": ""http://www.google.com.br/search?q=tim%C3%A3o&hl=pt-BR""}"
,https://www.google.com.br/search?sca_esv=ee794735903e3348&hl=pt-BR&q=Central+do+Tim%C3%A3o&sa=X&ved=2ahUKEwi369m2-sSQAxXY5TQHHckYIX8Q1QJ6BQiPARAB,timão,"{""countryCode"": ""BR"", ""device"": ""DESKTOP"", ""domain"": ""google.com.br"", ""languageCode"": ""pt-BR"", ""locationUule"": null, ""page"": 1, ""resultsPerPage"": 10, ""term"": ""timão"", ""type"": ""SEARCH"", ""url"": ""http://www.google.com.br/search?q=tim%C3%A3o&hl=pt-BR""}"
,https://www.google.com.br/search?sca_esv=ee794735903e3348&hl=pt-BR&q=UOL+Corinthians&sa=X&ved=2ahUKEwi369m2-sSQAxXY5TQHHckYIX8Q1QJ6BQiXARAB,timão,"{""countryCode"": ""BR"", ""device"": ""DESKTOP"", ""domain"": ""google.com.br"", ""languageCode"": ""pt-BR"", ""locationUule"": null, ""page"": 1, ""resultsPerPage"": 10, ""term"": ""timão"", ""type"": ""SEARCH"", ""url"": ""http://www.google.com.br/search?q=tim%C3%A3o&hl=pt-BR""}"
,https://www.google.com.br/search?sca_esv=ee794735903e3348&hl=pt-BR&q=Gazeta+esportiva+Corinthians&sa=X&ved=2ahUKEwi369m2-sSQAxXY5TQHHckYIX8Q1QJ6BQiUARAB,timão,"{""countryCode"": ""BR"", ""device"": ""DESKTOP"", ""domain"": ""google.com.br"", ""languageCode"": ""pt-BR"", ""locationUule"": null, ""page"": 1, ""resultsPerPage"": 10, ""term"": ""timão"", ""type"": ""SEARCH"", ""url"": ""http://www.google.com.br/search?q=tim%C3%A3o&hl=pt-BR""}"
,https://www.google.com.br/search?sca_esv=ee794735903e3348&hl=pt-BR&q=Lance+Corinthians&sa=X&ved=2ahUKEwi369m2-sSQAxXY5TQHHckYIX8Q1QJ6BQiLARAB,timão,"{""countryCode"": ""BR"", ""device"": ""DESKTOP"", ""domain"": ""google.com.br"", ""languageCode"": ""pt-BR"", ""locationUule"": null, ""page"": 1, ""resultsPerPage"": 10, ""term"": ""timão"", ""type"": ""SEARCH"", ""url"": ""http://www.google.com.br/search?q=tim%C3%A3o&hl=pt-BR""}"
,https://www.google.com.br/search?sca_esv=ee794735903e3348&hl=pt-BR&q=Terra+Corinthians&sa=X&ved=2ahUKEwi369m2-sSQAxXY5TQHHckYIX8Q1QJ6BQiRARAB,timão,"{""countryCode"": ""BR"", ""device"": ""DESKTOP"", ""domain"": ""google.com.br"", ""languageCode"": ""pt-BR"", ""locationUule"": null, ""page"": 1, ""resultsPerPage"": 10, ""term"": ""timão"", ""type"": ""SEARCH"", ""url"": ""http://www.google.com.br/search?q=tim%C3%A3o&hl=pt-BR""}"
,https://www.google.com.br/search?sca_esv=ee794735903e3348&hl=pt-BR&q=Sociedade+Esportiva+Palmeiras&stick=H4sIAAAAAAAAAOMwVOLUz9U3MLTMKU_6xciwgYXhFQs3F0IMiZdrYoQsV5GLzCupRFZpZoAil44sl4ysL9cyA5lnaojCy1rEKhucn5yZmpKYkqrgWlyQX1SSWZaoEJCYk5uaWZRYfItNkmH3oo6fLK77DTdaGm_cJPZ4O_sv97-1aTNWLuJQ8i8tASpSKEgtLs4H0iWJuUmHV-aC-IWlmcWJRYm5KzgYAafwimwDAQAA&sa=X&ved=2ahUKEwjHrp64-sSQAxUD0DQHHdJ7LDI4ChCz2gEoAHoECCoQCg,timão,"{""countryCode"": ""BR"", ""device"": ""DESKTOP"", ""domain"": ""google.com.br"", ""languageCode"": ""pt-BR"", ""locationUule"": null, ""page"": 2, ""resultsPerPage"": 10, ""term"": ""timão"", ""type"": ""SEARCH"", ""url"": ""http://www.google.com.br/search?q=tim%C3%A3o&hl=pt-BR&start=10""}"
,https://www.google.com.br/search?sca_esv=ee794735903e3348&hl=pt-BR&q=S%C3%A3o+Paulo+Futebol+Clube&stick=H4sIAAAAAAAAAOMwVOLUz9U3MLTMNTH6xciwgYXhFQs3F1QspzwJiQdUgSxXkYvMK6lEVmlmgCKXjiyXjKwv1zIDmWdqiMLLWsQqEXx4cb5CQGJpTr6CW2lJalJ-joJzTmlS6i02SYbdizp-srjuN9xoabxxk9jj7ey_3P_Wps1YuYhDyb-0pCixWKEgtbg4H0iXJOYmHV6ZC-IXlmYWJxYl5q7gYAQAPlLQz_4AAAA&sa=X&ved=2ahUKEwjHrp64-sSQAxUD0DQHHdJ7LDI4ChCz2gEoAHoECCoQDw,timão,"{""countryCode"": ""BR"", ""device"": ""DESKTOP"", ""domain"": ""google.com.br"", ""languageCode"": ""pt-BR"", ""locationUule"": null, ""page"": 2, ""resultsPerPage"": 10, ""term"": ""timão"", ""type"": ""SEARCH"", ""url"": ""http://www.google.com.br/search?q=tim%C3%A3o&hl=pt-BR&start=10""}"
,https://www.google.com.br/search?sca_esv=ee794735903e3348&hl=pt-BR&q=Santos+Futebol+Clube&stick=H4sIAAAAAAAAAOMwVOLUz9U3MLTMqcj9xciwgYXhFQs3F0ysPAmJl2tihCxXkYvMK6lEVmlmgCKXjiyXjKwv1zIDmWdqiMLLWsQqEpyYV5JfrOBWWpKalJ-j4JxTmpR6i02SYfeijp8srvsNN1oab9wk9ng7-y_3v7VpM1Yu4lDyLy0pSixWKEgtLs4H0iWJuUmHV-aC-IWlmcWJRYm5KzgYAUWG28_6AAAA&sa=X&ved=2ahUKEwjHrp64-sSQAxUD0DQHHdJ7LDI4ChCz2gEoAHoECCoQFA,timão,"{""countryCode"": ""BR"", ""device"": ""DESKTOP"", ""domain"": ""google.com.br"", ""languageCode"": ""pt-BR"", ""locationUule"": null, ""page"": 2, ""resultsPerPage"": 10, ""term"": ""timão"", ""type"": ""SEARCH"", ""url"": ""http://www.google.com.br/search?q=tim%C3%A3o&hl=pt-BR&start=10""}"
,https://www.google.com.br/search?sca_esv=ee794735903e3348&hl=pt-BR&q=Flamengo&stick=H4sIAAAAAAAAAOMwVOLUz9U3MLTMKan8xciwgYXhFQs3F0ysPAmJl2tihCxXkYvMK6lEVmlmgCKXjiyXjKwv1zIDmWdqiMLLWsTK4ZaTmJual55_i02SYfeijp8srvsNN1oab9wk9ng7-y_3v7VpM1Yu4lDyLy0pSixWKEgtLs4H0iWJuUmHV-aC-IWlmcWJRYm5KzgYAY2_jZPuAAAA&sa=X&ved=2ahUKEwjHrp64-sSQAxUD0DQHHdJ7LDI4ChCz2gEoAHoECCoQGQ,timão,"{""countryCode"": ""BR"", ""device"": ""DESKTOP"", ""domain"": ""google.com.br"", ""languageCode"": ""pt-BR"", ""locationUule"": null, ""page"": 2, ""resultsPerPage"": 10, ""term"": ""timão"", ""type"": ""SEARCH"", ""url"": ""http://www.google.com.br/search?q=tim%C3%A3o&hl=pt-BR&start=10""}"
,https://www.google.com.br/search?sca_esv=ee794735903e3348&hl=pt-BR&q=Cruzeiro+Esporte+Clube&stick=H4sIAAAAAAAAAOMwVOLUz9U3MLTMNTP4xciwgYXhFQs3F1QspzwJiZdrYoQsV5GLzCupRFZpZoAil44sl4ysL9cyA5lnaojCy1rEKuZcVFqVmlmUr-BaXJBfVJKq4JxTmpR6i02SYfeijp8srvsNN1oab9wk9ng7-y_3v7VpM1Yu4lDyLy0pSixWKEgtLs4H0iWJuUmHV-aC-IWlmcWJRYm5KzgYAeDcpxf8AAAA&sa=X&ved=2ahUKEwjHrp64-sSQAxUD0DQHHdJ7LDI4ChCz2gEoAHoECCoQHg,timão,"{""countryCode"": ""BR"", ""device"": ""DESKTOP"", ""domain"": ""google.com.br"", ""languageCode"": ""pt-BR"", ""locationUule"": null, ""page"": 2, ""resultsPerPage"": 10, ""term"": ""timão"", ""type"": ""SEARCH"", ""url"": ""http://www.google.com.br/search?q=tim%C3%A3o&hl=pt-BR&start=10""}"
,https://www.google.com.br/search?sca_esv=ee794735903e3348&hl=pt-BR&q=Botafogo&stick=H4sIAAAAAAAAAOMwVOLUz9U3MLTMKUn_xciwgYXhFQs3F0ysPAmJl2tihCxXkYvMK6lEVmlmgCKXjiyXjKwv1zIDmWdqiMLLWsTK4ZRfkpiWn55_i02SYfeijp8srvsNN1oab9wk9ng7-y_3v7VpM1Yu4lDyLy0pSixWKEgtLs4H0iWJuUmHV-aC-IWlmcWJRYm5KzgYAcrLEhLuAAAA&sa=X&ved=2ahUKEwjHrp64-sSQAxUD0DQHHdJ7LDI4ChCz2gEoAHoECCoQIw,timão,"{""countryCode"": ""BR"", ""device"": ""DESKTOP"", ""domain"": ""google.com.br"", ""languageCode"": ""pt-BR"", ""locationUule"": null, ""page"": 2, ""resultsPerPage"": 10, ""term"": ""timão"", ""type"": ""SEARCH"", ""url"": ""http://www.google.com.br/search?q=tim%C3%A3o&hl=pt-BR&start=10""}"
,https://www.google.com.br/search?sca_esv=ee794735903e3348&hl=pt-BR&q=Meu+Tim%C3%A3o&sa=X&ved=2ahUKEwjHrp64-sSQAxUD0DQHHdJ7LDI4ChDVAnoECDMQAQ,timão,"{""countryCode"": ""BR"", ""device"": ""DESKTOP"", ""domain"": ""google.com.br"", ""languageCode"": ""pt-BR"", ""locationUule"": null, ""page"": 2, ""resultsPerPage"": 10, ""term"": ""timão"", ""type"": ""SEARCH"", ""url"": ""http://www.google.com.br/search?q=tim%C3%A3o&hl=pt-BR&start=10""}"
,https://www.google.com.br/search?sca_esv=ee794735903e3348&hl=pt-BR&q=Corinthians&sa=X&ved=2ahUKEwjHrp64-sSQAxUD0DQHHdJ7LDI4ChDVAnoECC4QAQ,timão,"{""countryCode"": ""BR"", ""device"": ""DESKTOP"", ""domain"": ""google.com.br"", ""languageCode"": ""pt-BR"", ""locationUule"": null, ""page"": 2, ""resultsPerPage"": 10, ""term"": ""timão"", ""type"": ""SEARCH"", ""url"": ""http://www.google.com.br/search?q=tim%C3%A3o&hl=pt-BR&start=10""}"
,https://www.google.com.br/search?sca_esv=ee794735903e3348&hl=pt-BR&q=Meu+Tim%C3%A3o+loja&sa=X&ved=2ahUKEwjHrp64-sSQAxUD0DQHHdJ7LDI4ChDVAnoECDIQAQ,timão,"{""countryCode"": ""BR"", ""device"": ""DESKTOP"", ""domain"": ""google.com.br"", ""languageCode"": ""pt-BR"", ""locationUule"": null, ""page"": 2, ""resultsPerPage"": 10, ""term"": ""timão"", ""type"": ""SEARCH"", ""url"": ""http://www.google.com.br/search?q=tim%C3%A3o&hl=pt-BR&start=10""}"
,https://www.google.com.br/search?sca_esv=ee794735903e3348&hl=pt-BR&q=ESPN+Corinthians&sa=X&ved=2ahUKEwjHrp64-sSQAxUD0DQHHdJ7LDI4ChDVAnoECDEQAQ,timão,"{""countryCode"": ""BR"", ""device"": ""DESKTOP"", ""domain"": ""google.com.br"", ""languageCode"": ""pt-BR"", ""locationUule"": null, ""page"": 2, ""resultsPerPage"": 10, ""term"": ""timão"", ""type"": ""SEARCH"", ""url"": ""http://www.google.com.br/search?q=tim%C3%A3o&hl=pt-BR&start=10""}"
,https://www.google.com.br/search?sca_esv=ee794735903e3348&hl=pt-BR&q=Ge+Corinthians&sa=X&ved=2ahUKEwjHrp64-sSQAxUD0DQHHdJ7LDI4ChDVAnoECC8QAQ,timão,"{""countryCode"": ""BR"", ""device"": ""DESKTOP"", ""domain"": ""google.com.br"", ""languageCode"": ""pt-BR"", ""locationUule"": null, ""page"": 2, ""resultsPerPage"": 10, ""term"": ""timão"", ""type"": ""SEARCH"", ""url"": ""http://www.google.com.br/search?q=tim%C3%A3o&hl=pt-BR&start=10""}"
,https://www.google.com.br/search?sca_esv=ee794735903e3348&hl=pt-BR&q=UOL+Corinthians&sa=X&ved=2ahUKEwjHrp64-sSQAxUD0DQHHdJ7LDI4ChDVAnoECDQQAQ,timão,"{""countryCode"": ""BR"", ""device"": ""DESKTOP"", ""domain"": ""google.com.br"", ""languageCode"": ""pt-BR"", ""locationUule"": null, ""page"": 2, ""resultsPerPage"": 10, ""term"": ""timão"", ""type"": ""SEARCH"", ""url"": ""http://www.google.com.br/search?q=tim%C3%A3o&hl=pt-BR&start=10""}"
,https://www.google.com.br/search?sca_esv=ee794735903e3348&hl=pt-BR&q=F%C3%B3rum+Meu+Tim%C3%A3o&sa=X&ved=2ahUKEwjHrp64-sSQAxUD0DQHHdJ7LDI4ChDVAnoECCwQAQ,timão,"{""countryCode"": ""BR"", ""device"": ""DESKTOP"", ""domain"": ""google.com.br"", ""languageCode"": ""pt-BR"", ""locationUule"": null, ""page"": 2, ""resultsPerPage"": 10, ""term"": ""timão"", ""type"": ""SEARCH"", ""url"": ""http://www.google.com.br/search?q=tim%C3%A3o&hl=pt-BR&start=10""}"
,https://www.google.com.br/search?sca_esv=ee794735903e3348&hl=pt-BR&q=Not%C3%ADcias+do+Corinthians+hoje&sa=X&ved=2ahUKEwjHrp64-sSQAxUD0DQHHdJ7LDI4ChDVAnoECC0QAQ,timão,"{""countryCode"": ""BR"", ""device"": ""DESKTOP"", ""domain"": ""google.com.br"", ""languageCode"": ""pt-BR"", ""locationUule"": null, ""page"": 2, ""resultsPerPage"": 10, ""term"": ""timão"", ""type"": ""SEARCH"", ""url"": ""http://www.google.com.br/search?q=tim%C3%A3o&hl=pt-BR&start=10""}"
,https://www.google.com.br/search?sca_esv=ee794735903e3348&hl=pt-BR&q=Jogo+do+Corinthians+de+hoje&sa=X&ved=2ahUKEwir5re--sSQAxVpg2oFHYYHEA8Q1QJ6BAhlEAE,SCCP,"{""countryCode"": ""BR"", ""device"": ""DESKTOP"", ""domain"": ""google.com.br"", ""languageCode"": ""pt-BR"", ""locationUule"": null, ""page"": 1, ""resultsPerPage"": 10, ""term"": ""SCCP"", ""type"": ""SEARCH"", ""url"": ""http://www.google.com.br/search?q=SCCP&hl=pt-BR""}"
,https://www.google.com.br/search?sca_esv=ee794735903e3348&hl=pt-BR&q=Jogo+do+Corinthians+hoje+ao+vivo+gr%C3%A1tis&sa=X&ved=2ahUKEwir5re--sSQAxVpg2oFHYYHEA8Q1QJ6BQiCARAB,SCCP,"{""countryCode"": ""BR"", ""device"": ""DESKTOP"", ""domain"": ""google.com.br"", ""languageCode"": ""pt-BR"", ""locationUule"": null, ""page"": 1, ""resultsPerPage"": 10, ""term"": ""SCCP"", ""type"": ""SEARCH"", ""url"": ""http://www.google.com.br/search?q=SCCP&hl=pt-BR""}"
,https://www.google.com.br/search?sca_esv=ee794735903e3348&hl=pt-BR&q=Sccp+onde+assistir&sa=X&ved=2ahUKEwir5re--sSQAxVpg2oFHYYHEA8Q1QJ6BAh9EAE,SCCP,"{""countryCode"": ""BR"", ""device"": ""DESKTOP"", ""domain"": ""google.com.br"", ""languageCode"": ""pt-BR"", ""locationUule"": null, ""page"": 1, ""resultsPerPage"": 10, ""term"": ""SCCP"", ""type"": ""SEARCH"", ""url"": ""http://www.google.com.br/search?q=SCCP&hl=pt-BR""}"
,https://www.google.com.br/search?sca_esv=ee794735903e3348&hl=pt-BR&q=SCCP+News+twitter&sa=X&ved=2ahUKEwir5re--sSQAxVpg2oFHYYHEA8Q1QJ6BAh4EAE,SCCP,"{""countryCode"": ""BR"", ""device"": ""DESKTOP"", ""domain"": ""google.com.br"", ""languageCode"": ""pt-BR"", ""locationUule"": null, ""page"": 1, ""resultsPerPage"": 10, ""term"": ""SCCP"", ""type"": ""SEARCH"", ""url"": ""http://www.google.com.br/search?q=SCCP&hl=pt-BR""}"
,https://www.google.com.br/search?sca_esv=ee794735903e3348&hl=pt-BR&q=Fotos+do+Corinthians+Para+Perfil&sa=X&ved=2ahUKEwir5re--sSQAxVpg2oFHYYHEA8Q1QJ6BAh1EAE,SCCP,"{""countryCode"": ""BR"", ""device"": ""DESKTOP"", ""domain"": ""google.com.br"", ""languageCode"": ""pt-BR"", ""locationUule"": null, ""page"": 1, ""resultsPerPage"": 10, ""term"": ""SCCP"", ""type"": ""SEARCH"", ""url"": ""http://www.google.com.br/search?q=SCCP&hl=pt-BR""}"
,https://www.google.com.br/search?sca_esv=ee794735903e3348&hl=pt-BR&q=Not%C3%ADcias+do+Corinthians+de+hoje+no+Lance&sa=X&ved=2ahUKEwir5re--sSQAxVpg2oFHYYHEA8Q1QJ6BAhwEAE,SCCP,"{""countryCode"": ""BR"", ""device"": ""DESKTOP"", ""domain"": ""google.com.br"", ""languageCode"": ""pt-BR"", ""locationUule"": null, ""page"": 1, ""resultsPerPage"": 10, ""term"": ""SCCP"", ""type"": ""SEARCH"", ""url"": ""http://www.google.com.br/search?q=SCCP&hl=pt-BR""}"
,https://www.google.com.br/search?sca_esv=ee794735903e3348&hl=pt-BR&q=%C3%9Altimas+not%C3%ADcias+do+Corinthians+contrata%C3%A7%C3%B5es&sa=X&ved=2ahUKEwir5re--sSQAxVpg2oFHYYHEA8Q1QJ6BAhrEAE,SCCP,"{""countryCode"": ""BR"", ""device"": ""DESKTOP"", ""domain"": ""google.com.br"", ""languageCode"": ""pt-BR"", ""locationUule"": null, ""page"": 1, ""resultsPerPage"": 10, ""term"": ""SCCP"", ""type"": ""SEARCH"", ""url"": ""http://www.google.com.br/search?q=SCCP&hl=pt-BR""}"
,https://www.google.com.br/search?sca_esv=ee794735903e3348&hl=pt-BR&q=Twitter+SCCP+1910&sa=X&ved=2ahUKEwir5re--sSQAxVpg2oFHYYHEA8Q1QJ6BAhpEAE,SCCP,"{""countryCode"": ""BR"", ""device"": ""DESKTOP"", ""domain"": ""google.com.br"", ""languageCode"": ""pt-BR"", ""locationUule"": null, ""page"": 1, ""resultsPerPage"": 10, ""term"": ""SCCP"", ""type"": ""SEARCH"", ""url"": ""http://www.google.com.br/search?q=SCCP&hl=pt-BR""}"
,https://www.google.com.br/search?sca_esv=ee794735903e3348&hl=pt-BR&q=Sociedade+Esportiva+Palmeiras&stick=H4sIAAAAAAAAAOMwVOLUz9U3MLTMKU_6xciwgYXhFQs3F0IMiZdrYoQsV5GLzCupRFZpZoAil44sl4ysL9cyA5lnaojCy1rEKhucn5yZmpKYkqrgWlyQX1SSWZaoEJCYk5uaWZRYfItNkmH3oo6fLK77DTdaGm_cJPZ4O_sv97-1aTNWLuJQ8i8tASpSKEgtLs4H0iWJuUmHV-aC-IWlmcWJRYm5KzgYAafwimwDAQAA&sa=X&ved=2ahUKEwiRzvK_-sSQAxXeqJUCHVLSC644ChCz2gEoAHoECCsQCg,SCCP,"{""countryCode"": ""BR"", ""device"": ""DESKTOP"", ""domain"": ""google.com.br"", ""languageCode"": ""pt-BR"", ""locationUule"": null, ""page"": 2, ""resultsPerPage"": 10, ""term"": ""SCCP"", ""type"": ""SEARCH"", ""url"": ""http://www.google.com.br/search?q=SCCP&hl=pt-BR&start=10""}"
,https://www.google.com.br/search?sca_esv=ee794735903e3348&hl=pt-BR&q=S%C3%A3o+Paulo+Futebol+Clube&stick=H4sIAAAAAAAAAOMwVOLUz9U3MLTMNTH6xciwgYXhFQs3F1QspzwJiQdUgSxXkYvMK6lEVmlmgCKXjiyXjKwv1zIDmWdqiMLLWsQqEXx4cb5CQGJpTr6CW2lJalJ-joJzTmlS6i02SYbdizp-srjuN9xoabxxk9jj7ey_3P_Wps1YuYhDyb-0pCixWKEgtbg4H0iXJOYmHV6ZC-IXlmYWJxYl5q7gYAQAPlLQz_4AAAA&sa=X&ved=2ahUKEwiRzvK_-sSQAxXeqJUCHVLSC644ChCz2gEoAHoECCsQDw,SCCP,"{""countryCode"": ""BR"", ""device"": ""DESKTOP"", ""domain"": ""google.com.br"", ""languageCode"": ""pt-BR"", ""locationUule"": null, ""page"": 2, ""resultsPerPage"": 10, ""term"": ""SCCP"", ""type"": ""SEARCH"", ""url"": ""http://www.google.com.br/search?q=SCCP&hl=pt-BR&start=10""}"
,https://www.google.com.br/search?sca_esv=ee794735903e3348&hl=pt-BR&q=Santos+Futebol+Clube&stick=H4sIAAAAAAAAAOMwVOLUz9U3MLTMqcj9xciwgYXhFQs3F0ysPAmJl2tihCxXkYvMK6lEVmlmgCKXjiyXjKwv1zIDmWdqiMLLWsQqEpyYV5JfrOBWWpKalJ-j4JxTmpR6i02SYfeijp8srvsNN1oab9wk9ng7-y_3v7VpM1Yu4lDyLy0pSixWKEgtLs4H0iWJuUmHV-aC-IWlmcWJRYm5KzgYAUWG28_6AAAA&sa=X&ved=2ahUKEwiRzvK_-sSQAxXeqJUCHVLSC644ChCz2gEoAHoECCsQFA,SCCP,"{""countryCode"": ""BR"", ""device"": ""DESKTOP"", ""domain"": ""google.com.br"", ""languageCode"": ""pt-BR"", ""locationUule"": null, ""page"": 2, ""resultsPerPage"": 10, ""term"": ""SCCP"", ""type"": ""SEARCH"", ""url"": ""http://www.google.com.br/search?q=SCCP&hl=pt-BR&start=10""}"
,https://www.google.com.br/search?sca_esv=ee794735903e3348&hl=pt-BR&q=Flamengo&stick=H4sIAAAAAAAAAOMwVOLUz9U3MLTMKan8xciwgYXhFQs3F0ysPAmJl2tihCxXkYvMK6lEVmlmgCKXjiyXjKwv1zIDmWdqiMLLWsTK4ZaTmJual55_i02SYfeijp8srvsNN1oab9wk9ng7-y_3v7VpM1Yu4lDyLy0pSixWKEgtLs4H0iWJuUmHV-aC-IWlmcWJRYm5KzgYAY2_jZPuAAAA&sa=X&ved=2ahUKEwiRzvK_-sSQAxXeqJUCHVLSC644ChCz2gEoAHoECCsQGQ,SCCP,"{""countryCode"": ""BR"", ""device"": ""DESKTOP"", ""domain"": ""google.com.br"", ""languageCode"": ""pt-BR"", ""locationUule"": null, ""page"": 2, ""resultsPerPage"": 10, ""term"": ""SCCP"", ""type"": ""SEARCH"", ""url"": ""http://www.google.com.br/search?q=SCCP&hl=pt-BR&start=10""}"
,https://www.google.com.br/search?sca_esv=ee794735903e3348&hl=pt-BR&q=Cruzeiro+Esporte+Clube&stick=H4sIAAAAAAAAAOMwVOLUz9U3MLTMNTP4xciwgYXhFQs3F1QspzwJiZdrYoQsV5GLzCupRFZpZoAil44sl4ysL9cyA5lnaojCy1rEKuZcVFqVmlmUr-BaXJBfVJKq4JxTmpR6i02SYfeijp8srvsNN1oab9wk9ng7-y_3v7VpM1Yu4lDyLy0pSixWKEgtLs4H0iWJuUmHV-aC-IWlmcWJRYm5KzgYAeDcpxf8AAAA&sa=X&ved=2ahUKEwiRzvK_-sSQAxXeqJUCHVLSC644ChCz2gEoAHoECCsQHg,SCCP,"{""countryCode"": ""BR"", ""device"": ""DESKTOP"", ""domain"": ""google.com.br"", ""languageCode"": ""pt-BR"", ""locationUule"": null, ""page"": 2, ""resultsPerPage"": 10, ""term"": ""SCCP"", ""type"": ""SEARCH"", ""url"": ""http://www.google.com.br/search?q=SCCP&hl=pt-BR&start=10""}"
,https://www.google.com.br/search?sca_esv=ee794735903e3348&hl=pt-BR&q=Botafogo&stick=H4sIAAAAAAAAAOMwVOLUz9U3MLTMKUn_xciwgYXhFQs3F0ysPAmJl2tihCxXkYvMK6lEVmlmgCKXjiyXjKwv1zIDmWdqiMLLWsTK4ZRfkpiWn55_i02SYfeijp8srvsNN1oab9wk9ng7-y_3v7VpM1Yu4lDyLy0pSixWKEgtLs4H0iWJuUmHV-aC-IWlmcWJRYm5KzgYAcrLEhLuAAAA&sa=X&ved=2ahUKEwiRzvK_-sSQAxXeqJUCHVLSC644ChCz2gEoAHoECCsQIw,SCCP,"{""countryCode"": ""BR"", ""device"": ""DESKTOP"", ""domain"": ""google.com.br"", ""languageCode"": ""pt-BR"", ""locationUule"": null, ""page"": 2, ""resultsPerPage"": 10, ""term"": ""SCCP"", ""type"": ""SEARCH"", ""url"": ""http://www.google.com.br/search?q=SCCP&hl=pt-BR&start=10""}"
,https://www.google.com.br/search?sca_esv=ee794735903e3348&hl=pt-BR&q=Corinthians+jogos&sa=X&ved=2ahUKEwiRzvK_-sSQAxXeqJUCHVLSC644ChDVAnoECDEQAQ,SCCP,"{""countryCode"": ""BR"", ""device"": ""DESKTOP"", ""domain"": ""google.com.br"", ""languageCode"": ""pt-BR"", ""locationUule"": null, ""page"": 2, ""resultsPerPage"": 10, ""term"": ""SCCP"", ""type"": ""SEARCH"", ""url"": ""http://www.google.com.br/search?q=SCCP&hl=pt-BR&start=10""}"
,https://www.google.com.br/search?sca_esv=ee794735903e3348&hl=pt-BR&q=Jogo+do+Corinthians+hoje+ao+vivo&sa=X&ved=2ahUKEwiRzvK_-sSQAxXeqJUCHVLSC644ChDVAnoECDAQAQ,SCCP,"{""countryCode"": ""BR"", ""device"": ""DESKTOP"", ""domain"": ""google.com.br"", ""languageCode"": ""pt-BR"", ""locationUule"": null, ""page"": 2, ""resultsPerPage"": 10, ""term"": ""SCCP"", ""type"": ""SEARCH"", ""url"": ""http://www.google.com.br/search?q=SCCP&hl=pt-BR&start=10""}"
,https://www.google.com.br/search?sca_esv=ee794735903e3348&hl=pt-BR&q=Ge+Corinthians&sa=X&ved=2ahUKEwiRzvK_-sSQAxXeqJUCHVLSC644ChDVAnoECDMQAQ,SCCP,"{""countryCode"": ""BR"", ""device"": ""DESKTOP"", ""domain"": ""google.com.br"", ""languageCode"": ""pt-BR"", ""locationUule"": null, ""page"": 2, ""resultsPerPage"": 10, ""term"": ""SCCP"", ""type"": ""SEARCH"", ""url"": ""http://www.google.com.br/search?q=SCCP&hl=pt-BR&start=10""}"
,https://www.google.com.br/search?sca_esv=ee794735903e3348&hl=pt-BR&q=Jogo+do+Corinthians+hoje+ao+vivo+gr%C3%A1tis&sa=X&ved=2ahUKEwiRzvK_-sSQAxXeqJUCHVLSC644ChDVAnoECDQQAQ,SCCP,"{""countryCode"": ""BR"", ""device"": ""DESKTOP"", ""domain"": ""google.com.br"", ""languageCode"": ""pt-BR"", ""locationUule"": null, ""page"": 2, ""resultsPerPage"": 10, ""term"": ""SCCP"", ""type"": ""SEARCH"", ""url"": ""http://www.google.com.br/search?q=SCCP&hl=pt-BR&start=10""}"
,https://www.google.com.br/search?sca_esv=ee794735903e3348&hl=pt-BR&q=ESPN+Corinthians&sa=X&ved=2ahUKEwiRzvK_-sSQAxXeqJUCHVLSC644ChDVAnoECDUQAQ,SCCP,"{""countryCode"": ""BR"", ""device"": ""DESKTOP"", ""domain"": ""google.com.br"", ""languageCode"": ""pt-BR"", ""locationUule"": null, ""page"": 2, ""resultsPerPage"": 10, ""term"": ""SCCP"", ""type"": ""SEARCH"", ""url"": ""http://www.google.com.br/search?q=SCCP&hl=pt-BR&start=10""}"
,https://www.google.com.br/search?sca_esv=ee794735903e3348&hl=pt-BR&q=%C3%9Altimas+not%C3%ADcias+do+Corinthians+contrata%C3%A7%C3%B5es&sa=X&ved=2ahUKEwiRzvK_-sSQAxXeqJUCHVLSC644ChDVAnoECC8QAQ,SCCP,"{""countryCode"": ""BR"", ""device"": ""DESKTOP"", ""domain"": ""google.com.br"", ""languageCode"": ""pt-BR"", ""locationUule"": null, ""page"": 2, ""resultsPerPage"": 10, ""term"": ""SCCP"", ""type"": ""SEARCH"", ""url"": ""http://www.google.com.br/search?q=SCCP&hl=pt-BR&start=10""}"
,https://www.google.com.br/search?sca_esv=ee794735903e3348&hl=pt-BR&q=Not%C3%ADcias+do+Corinthians+hoje&sa=X&ved=2ahUKEwiRzvK_-sSQAxXeqJUCHVLSC644ChDVAnoECC4QAQ,SCCP,"{""countryCode"": ""BR"", ""device"": ""DESKTOP"", ""domain"": ""google.com.br"", ""languageCode"": ""pt-BR"", ""locationUule"": null, ""page"": 2, ""resultsPerPage"": 10, ""term"": ""SCCP"", ""type"": ""SEARCH"", ""url"": ""http://www.google.com.br/search?q=SCCP&hl=pt-BR&start=10""}"
,https://www.google.com.br/search?sca_esv=ee794735903e3348&hl=pt-BR&q=Gazeta+Corinthians&sa=X&ved=2ahUKEwiRzvK_-sSQAxXeqJUCHVLSC644ChDVAnoECC0QAQ,SCCP,"{""countryCode"": ""BR"", ""device"": ""DESKTOP"", ""domain"": ""google.com.br"", ""languageCode"": ""pt-BR"", ""locationUule"": null, ""page"": 2, ""resultsPerPage"": 10, ""term"": ""SCCP"", ""type"": ""SEARCH"", ""url"": ""http://www.google.com.br/search?q=SCCP&hl=pt-BR&start=10""}"
,https://www.google.com.br/search?sca_esv=ee794735903e3348&hl=pt-BR&q=Gazeta+Corinthians&sa=X&ved=2ahUKEwjuzrXG-sSQAxX_qZUCHXt4AFUQ1QJ6BAhgEAE,Sport Clube Corinthians Paulista,"{""countryCode"": ""BR"", ""device"": ""DESKTOP"", ""domain"": ""google.com.br"", ""languageCode"": ""pt-BR"", ""locationUule"": null, ""page"": 1, ""resultsPerPage"": 10, ""term"": ""Sport Clube Corinthians Paulista"", ""type"": ""SEARCH"", ""url"": ""http://www.google.com.br/search?q=Sport+Clube+Corinthians+Paulista&hl=pt-BR""}"
,https://www.google.com.br/search?sca_esv=ee794735903e3348&hl=pt-BR&q=Jogo+do+Corinthians+hoje+ao+vivo&sa=X&ved=2ahUKEwjuzrXG-sSQAxX_qZUCHXt4AFUQ1QJ6BAh5EAE,Sport Clube Corinthians Paulista,"{""countryCode"": ""BR"", ""device"": ""DESKTOP"", ""domain"": ""google.com.br"", ""languageCode"": ""pt-BR"", ""locationUule"": null, ""page"": 1, ""resultsPerPage"": 10, ""term"": ""Sport Clube Corinthians Paulista"", ""type"": ""SEARCH"", ""url"": ""http://www.google.com.br/search?q=Sport+Clube+Corinthians+Paulista&hl=pt-BR""}"
,https://www.google.com.br/search?sca_esv=ee794735903e3348&hl=pt-BR&q=Jogo+do+Corinthians+de+hoje&sa=X&ved=2ahUKEwjuzrXG-sSQAxX_qZUCHXt4AFUQ1QJ6BAh3EAE,Sport Clube Corinthians Paulista,"{""countryCode"": ""BR"", ""device"": ""DESKTOP"", ""domain"": ""google.com.br"", ""languageCode"": ""pt-BR"", ""locationUule"": null, ""page"": 1, ""resultsPerPage"": 10, ""term"": ""Sport Clube Corinthians Paulista"", ""type"": ""SEARCH"", ""url"": ""http://www.google.com.br/search?q=Sport+Clube+Corinthians+Paulista&hl=pt-BR""}"
,https://www.google.com.br/search?sca_esv=ee794735903e3348&hl=pt-BR&q=%C3%9Altimas+not%C3%ADcias+do+Corinthians+contrata%C3%A7%C3%B5es&sa=X&ved=2ahUKEwjuzrXG-sSQAxX_qZUCHXt4AFUQ1QJ6BAhxEAE,Sport Clube Corinthians Paulista,"{""countryCode"": ""BR"", ""device"": ""DESKTOP"", ""domain"": ""google.com.br"", ""languageCode"": ""pt-BR"", ""locationUule"": null, ""page"": 1, ""resultsPerPage"": 10, ""term"": ""Sport Clube Corinthians Paulista"", ""type"": ""SEARCH"", ""url"": ""http://www.google.com.br/search?q=Sport+Clube+Corinthians+Paulista&hl=pt-BR""}"
,https://www.google.com.br/search?sca_esv=ee794735903e3348&hl=pt-BR&q=Not%C3%ADcias+do+Corinthians+hoje&sa=X&ved=2ahUKEwjuzrXG-sSQAxX_qZUCHXt4AFUQ1QJ6BAhuEAE,Sport Clube Corinthians Paulista,"{""countryCode"": ""BR"", ""device"": ""DESKTOP"", ""domain"": ""google.com.br"", ""languageCode"": ""pt-BR"", ""locationUule"": null, ""page"": 1, ""resultsPerPage"": 10, ""term"": ""Sport Clube Corinthians Paulista"", ""type"": ""SEARCH"", ""url"": ""http://www.google.com.br/search?q=Sport+Clube+Corinthians+Paulista&hl=pt-BR""}"
,https://www.google.com.br/search?sca_esv=ee794735903e3348&hl=pt-BR&q=Not%C3%ADcias+do+Corinthians+de+hoje+no+Lance&sa=X&ved=2ahUKEwjuzrXG-sSQAxX_qZUCHXt4AFUQ1QJ6BAhqEAE,Sport Clube Corinthians Paulista,"{""countryCode"": ""BR"", ""device"": ""DESKTOP"", ""domain"": ""google.com.br"", ""languageCode"": ""pt-BR"", ""locationUule"": null, ""page"": 1, ""resultsPerPage"": 10, ""term"": ""Sport Clube Corinthians Paulista"", ""type"": ""SEARCH"", ""url"": ""http://www.google.com.br/search?q=Sport+Clube+Corinthians+Paulista&hl=pt-BR""}"
,https://www.google.com.br/search?sca_esv=ee794735903e3348&hl=pt-BR&q=Corinthians+pr%C3%B3ximo+jogo&sa=X&ved=2ahUKEwjuzrXG-sSQAxX_qZUCHXt4AFUQ1QJ6BAhoEAE,Sport Clube Corinthians Paulista,"{""countryCode"": ""BR"", ""device"": ""DESKTOP"", ""domain"": ""google.com.br"", ""languageCode"": ""pt-BR"", ""locationUule"": null, ""page"": 1, ""resultsPerPage"": 10, ""term"": ""Sport Clube Corinthians Paulista"", ""type"": ""SEARCH"", ""url"": ""http://www.google.com.br/search?q=Sport+Clube+Corinthians+Paulista&hl=pt-BR""}"
,https://www.google.com.br/search?sca_esv=ee794735903e3348&hl=pt-BR&q=Fotos+do+Corinthians+Para+Perfil&sa=X&ved=2ahUKEwjuzrXG-sSQAxX_qZUCHXt4AFUQ1QJ6BAhiEAE,Sport Clube Corinthians Paulista,"{""countryCode"": ""BR"", ""device"": ""DESKTOP"", ""domain"": ""google.com.br"", ""languageCode"": ""pt-BR"", ""locationUule"": null, ""page"": 1, ""resultsPerPage"": 10, ""term"": ""Sport Clube Corinthians Paulista"", ""type"": ""SEARCH"", ""url"": ""http://www.google.com.br/search?q=Sport+Clube+Corinthians+Paulista&hl=pt-BR""}"
,https://www.google.com.br/search?sca_esv=ee794735903e3348&hl=pt-BR&q=Sociedade+Esportiva+Palmeiras&stick=H4sIAAAAAAAAAOMwVOLUz9U3MLTMKU_6xciwgYXhFQs3F0IMiZdrYoQsV5GL4BmbGsUjy5VUIuszM0CRS0eWS85F5llmIPNMDRexygbnJ2empiSmpCq4FhfkF5VkliUqBCTm5KZmFiUW32KTZNi9qOMni-t-w42Wxhs3iT3ezv7L_W9t2oyViziU_EtLgIoUClKLi_OBdElibtLhlbkgfmFpZnFiUWLuCg5GAB85VRkDAQAA&sa=X&ved=2ahUKEwjU7-bH-sSQAxV5nGoFHUetLao4ChCz2gEoAHoECCsQCg,Sport Clube Corinthians Paulista,"{""countryCode"": ""BR"", ""device"": ""DESKTOP"", ""domain"": ""google.com.br"", ""languageCode"": ""pt-BR"", ""locationUule"": null, ""page"": 2, ""resultsPerPage"": 10, ""term"": ""Sport Clube Corinthians Paulista"", ""type"": ""SEARCH"", ""url"": ""http://www.google.com.br/search?q=Sport%20Clube%20Corinthians%20Paulista&hl=pt-BR&start=10""}"
,https://www.google.com.br/search?sca_esv=ee794735903e3348&hl=pt-BR&q=S%C3%A3o+Paulo+Futebol+Clube&stick=H4sIAAAAAAAAAOMwVOLUz9U3MLTMNTH6xciwgYXhFQs3F1QspzwJiQdUgSxXkYvgGZsaxSPLlVQi6zMzQJFLR5ZLzkXmWWYg80wNF7FKBB9enK8QkFiak6_gVlqSmpSfo-CcU5qUeotNkmH3oo6fLK77DTdaGm_cJPZ4O_sv97-1aTNWLuJQ8i8tKUosVihILS7OB9IliblJh1fmgviFpZnFiUWJuSs4GAERK9GG_gAAAA&sa=X&ved=2ahUKEwjU7-bH-sSQAxV5nGoFHUetLao4ChCz2gEoAHoECCsQDw,Sport Clube Corinthians Paulista,"{""countryCode"": ""BR"", ""device"": ""DESKTOP"", ""domain"": ""google.com.br"", ""languageCode"": ""pt-BR"", ""locationUule"": null, ""page"": 2, ""resultsPerPage"": 10, ""term"": ""Sport Clube Corinthians Paulista"", ""type"": ""SEARCH"", ""url"": ""http://www.google.com.br/search?q=Sport%20Clube%20Corinthians%20Paulista&hl=pt-BR&start=10""}"
,https://www.google.com.br/search?sca_esv=ee794735903e3348&hl=pt-BR&q=Santos+Futebol+Clube&stick=H4sIAAAAAAAAAOMwVOLUz9U3MLTMqcj9xciwgYXhFQs3F0ysPAmJl2tihCxXkYvgGZsaxSPLlVQi6zMzQJFLR5ZLzkXmWWYg80wNF7GKBCfmleQXK7iVlqQm5ecoOOeUJqXeYpNk2L2o4yeL637DjZbGGzeJPd7O_sv9b23ajJWLOJT8S0uKEosVClKLi_OBdElibtLhlbkgfmFpZnFiUWLuCg5GAPwmEGf6AAAA&sa=X&ved=2ahUKEwjU7-bH-sSQAxV5nGoFHUetLao4ChCz2gEoAHoECCsQFA,Sport Clube Corinthians Paulista,"{""countryCode"": ""BR"", ""device"": ""DESKTOP"", ""domain"": ""google.com.br"", ""languageCode"": ""pt-BR"", ""locationUule"": null, ""page"": 2, ""resultsPerPage"": 10, ""term"": ""Sport Clube Corinthians Paulista"", ""type"": ""SEARCH"", ""url"": ""http://www.google.com.br/search?q=Sport%20Clube%20Corinthians%20Paulista&hl=pt-BR&start=10""}"
,https://www.google.com.br/search?sca_esv=ee794735903e3348&hl=pt-BR&q=Sele%C3%A7%C3%A3o+Brasileira&stick=H4sIAAAAAAAAAOMwVOLUz9U3MDQ2NYr_xciwgYXhFQs3F0TMMqc8CYmXa2KELFeRi-CBdCPLlVQi6zMzQJFLR5ZLzkXmWWYg80wNF7GKBKfmpB5efnhxvoJTUWJxZk5qZlHiLTZJht2LOn6yuO433GhpvHGT2OPt7L_c_9amzVi5iEPJv7QEqFShILW4OB9IlyTmJh1emQviF5ZmFicWJeau4GAEAOOXGCT6AAAA&sa=X&ved=2ahUKEwjU7-bH-sSQAxV5nGoFHUetLao4ChCz2gEoAHoECCsQGQ,Sport Clube Corinthians Paulista,"{""countryCode"": ""BR"", ""device"": ""DESKTOP"", ""domain"": ""google.com.br"", ""languageCode"": ""pt-BR"", ""locationUule"": null, ""page"": 2, ""resultsPerPage"": 10, ""term"": ""Sport Clube Corinthians Paulista"", ""type"": ""SEARCH"", ""url"": ""http://www.google.com.br/search?q=Sport%20Clube%20Corinthians%20Paulista&hl=pt-BR&start=10""}"
,https://www.google.com.br/search?sca_esv=ee794735903e3348&hl=pt-BR&q=Flamengo&stick=H4sIAAAAAAAAAOMwVOLUz9U3MLTMKan8xciwgYXhFQs3F0ysPAmJl2tihCxXkYvgGZsaxSPLlVQi6zMzQJFLR5ZLzkXmWWYg80wNF7FyuOUk5qbmpeffYpNk2L2o4yeL637DjZbGGzeJPd7O_sv9b23ajJWLOJT8S0uKEosVClKLi_OBdElibtLhlbkgfmFpZnFiUWLuCg5GAIQBsaTuAAAA&sa=X&ved=2ahUKEwjU7-bH-sSQAxV5nGoFHUetLao4ChCz2gEoAHoECCsQHg,Sport Clube Corinthians Paulista,"{""countryCode"": ""BR"", ""device"": ""DESKTOP"", ""domain"": ""google.com.br"", ""languageCode"": ""pt-BR"", ""locationUule"": null, ""page"": 2, ""resultsPerPage"": 10, ""term"": ""Sport Clube Corinthians Paulista"", ""type"": ""SEARCH"", ""url"": ""http://www.google.com.br/search?q=Sport%20Clube%20Corinthians%20Paulista&hl=pt-BR&start=10""}"
,https://www.google.com.br/search?sca_esv=ee794735903e3348&hl=pt-BR&q=Cruzeiro+Esporte+Clube&stick=H4sIAAAAAAAAAOMwVOLUz9U3MLTMNTP4xciwgYXhFQs3F1QspzwJiZdrYoQsV5GL4BmbGsUjy5VUIuszM0CRS0eWS85F5llmIPNMDRexijkXlValZhblK7gWF-QXlaQqOOeUJqXeYpNk2L2o4yeL637DjZbGGzeJPd7O_sv9b23ajJWLOJT8S0uKEosVClKLi_OBdElibtLhlbkgfmFpZnFiUWLuCg5GADLCdvT8AAAA&sa=X&ved=2ahUKEwjU7-bH-sSQAxV5nGoFHUetLao4ChCz2gEoAHoECCsQIw,Sport Clube Corinthians Paulista,"{""countryCode"": ""BR"", ""device"": ""DESKTOP"", ""domain"": ""google.com.br"", ""languageCode"": ""pt-BR"", ""locationUule"": null, ""page"": 2, ""resultsPerPage"": 10, ""term"": ""Sport Clube Corinthians Paulista"", ""type"": ""SEARCH"", ""url"": ""http://www.google.com.br/search?q=Sport%20Clube%20Corinthians%20Paulista&hl=pt-BR&start=10""}"
,https://www.google.com.br/search?sca_esv=ee794735903e3348&hl=pt-BR&q=Jogo+do+Corinthians+hoje+ao+vivo&sa=X&ved=2ahUKEwjU7-bH-sSQAxV5nGoFHUetLao4ChDVAnoECDEQAQ,Sport Clube Corinthians Paulista,"{""countryCode"": ""BR"", ""device"": ""DESKTOP"", ""domain"": ""google.com.br"", ""languageCode"": ""pt-BR"", ""locationUule"": null, ""page"": 2, ""resultsPerPage"": 10, ""term"": ""Sport Clube Corinthians Paulista"", ""type"": ""SEARCH"", ""url"": ""http://www.google.com.br/search?q=Sport%20Clube%20Corinthians%20Paulista&hl=pt-BR&start=10""}"
,https://www.google.com.br/search?sca_esv=ee794735903e3348&hl=pt-BR&q=Gazeta+Corinthians&sa=X&ved=2ahUKEwjU7-bH-sSQAxV5nGoFHUetLao4ChDVAnoECDIQAQ,Sport Clube Corinthians Paulista,"{""countryCode"": ""BR"", ""device"": ""DESKTOP"", ""domain"": ""google.com.br"", ""languageCode"": ""pt-BR"", ""locationUule"": null, ""page"": 2, ""resultsPerPage"": 10, ""term"": ""Sport Clube Corinthians Paulista"", ""type"": ""SEARCH"", ""url"": ""http://www.google.com.br/search?q=Sport%20Clube%20Corinthians%20Paulista&hl=pt-BR&start=10""}"
,https://www.google.com.br/search?sca_esv=ee794735903e3348&hl=pt-BR&q=Jogo+do+Corinthians+de+hoje&sa=X&ved=2ahUKEwjU7-bH-sSQAxV5nGoFHUetLao4ChDVAnoECDUQAQ,Sport Clube Corinthians Paulista,"{""countryCode"": ""BR"", ""device"": ""DESKTOP"", ""domain"": ""google.com.br"", ""languageCode"": ""pt-BR"", ""locationUule"": null, ""page"": 2, ""resultsPerPage"": 10, ""term"": ""Sport Clube Corinthians Paulista"", ""type"": ""SEARCH"", ""url"": ""http://www.google.com.br/search?q=Sport%20Clube%20Corinthians%20Paulista&hl=pt-BR&start=10""}"
,https://www.google.com.br/search?sca_esv=ee794735903e3348&hl=pt-BR&q=%C3%9Altimas+not%C3%ADcias+do+Corinthians+contrata%C3%A7%C3%B5es&sa=X&ved=2ahUKEwjU7-bH-sSQAxV5nGoFHUetLao4ChDVAnoECDMQAQ,Sport Clube Corinthians Paulista,"{""countryCode"": ""BR"", ""device"": ""DESKTOP"", ""domain"": ""google.com.br"", ""languageCode"": ""pt-BR"", ""locationUule"": null, ""page"": 2, ""resultsPerPage"": 10, ""term"": ""Sport Clube Corinthians Paulista"", ""type"": ""SEARCH"", ""url"": ""http://www.google.com.br/search?q=Sport%20Clube%20Corinthians%20Paulista&hl=pt-BR&start=10""}"
,https://www.google.com.br/search?sca_esv=ee794735903e3348&hl=pt-BR&q=Not%C3%ADcias+do+Corinthians+hoje&sa=X&ved=2ahUKEwjU7-bH-sSQAxV5nGoFHUetLao4ChDVAnoECC8QAQ,Sport Clube Corinthians Paulista,"{""countryCode"": ""BR"", ""device"": ""DESKTOP"", ""domain"": ""google.com.br"", ""languageCode"": ""pt-BR"", ""locationUule"": null, ""page"": 2, ""resultsPerPage"": 10, ""term"": ""Sport Clube Corinthians Paulista"", ""type"": ""SEARCH"", ""url"": ""http://www.google.com.br/search?q=Sport%20Clube%20Corinthians%20Paulista&hl=pt-BR&start=10""}"
,https://www.google.com.br/search?sca_esv=ee794735903e3348&hl=pt-BR&q=Not%C3%ADcias+do+Corinthians+de+hoje+no+Lance&sa=X&ved=2ahUKEwjU7-bH-sSQAxV5nGoFHUetLao4ChDVAnoECDAQAQ,Sport Clube Corinthians Paulista,"{""countryCode"": ""BR"", ""device"": ""DESKTOP"", ""domain"": ""google.com.br"", ""languageCode"": ""pt-BR"", ""locationUule"": null, ""page"": 2, ""resultsPerPage"": 10, ""term"": ""Sport Clube Corinthians Paulista"", ""type"": ""SEARCH"", ""url"": ""http://www.google.com.br/search?q=Sport%20Clube%20Corinthians%20Paulista&hl=pt-BR&start=10""}"
,https://www.google.com.br/search?sca_esv=ee794735903e3348&hl=pt-BR&q=Quantas+Libertadores+o+Corinthians+tem&sa=X&ved=2ahUKEwjU7-bH-sSQAxV5nGoFHUetLao4ChDVAnoECC4QAQ,Sport Clube Corinthians Paulista,"{""countryCode"": ""BR"", ""device"": ""DESKTOP"", ""domain"": ""google.com.br"", ""languageCode"": ""pt-BR"", ""locationUule"": null, ""page"": 2, ""resultsPerPage"": 10, ""term"": ""Sport Clube Corinthians Paulista"", ""type"": ""SEARCH"", ""url"": ""http://www.google.com.br/search?q=Sport%20Clube%20Corinthians%20Paulista&hl=pt-BR&start=10""}"
,https://www.google.com.br/search?sca_esv=ee794735903e3348&hl=pt-BR&q=Corinthians+pr%C3%B3ximo+jogo&sa=X&ved=2ahUKEwjU7-bH-sSQAxV5nGoFHUetLao4ChDVAnoECC0QAQ,Sport Clube Corinthians Paulista,"{""countryCode"": ""BR"", ""device"": ""DESKTOP"", ""domain"": ""google.com.br"", ""languageCode"": ""pt-BR"", ""locationUule"": null, ""page"": 2, ""resultsPerPage"": 10, ""term"": ""Sport Clube Corinthians Paulista"", ""type"": ""SEARCH"", ""url"": ""http://www.google.com.br/search?q=Sport%20Clube%20Corinthians%20Paulista&hl=pt-BR&start=10""}"
,https://www.google.com.br/search?sca_esv=ee794735903e3348&hl=pt-BR&q=Neo+Qu%C3%ADmica+Arena+Itaquera&sa=X&ved=2ahUKEwjOtOnN-sSQAxXKIzQIHR7FFjYQ1QJ6BAh5EAE,neo quimica arena,"{""countryCode"": ""BR"", ""device"": ""DESKTOP"", ""domain"": ""google.com.br"", ""languageCode"": ""pt-BR"", ""locationUule"": null, ""page"": 1, ""resultsPerPage"": 10, ""term"": ""neo quimica arena"", ""type"": ""SEARCH"", ""url"": ""http://www.google.com.br/search?q=neo+quimica+arena&hl=pt-BR""}"
,https://www.google.com.br/search?sca_esv=ee794735903e3348&hl=pt-BR&q=Neo+Qu%C3%ADmica+Arena+NFL&sa=X&ved=2ahUKEwjOtOnN-sSQAxXKIzQIHR7FFjYQ1QJ6BQimARAB,neo quimica arena,"{""countryCode"": ""BR"", ""device"": ""DESKTOP"", ""domain"": ""google.com.br"", ""languageCode"": ""pt-BR"", ""locationUule"": null, ""page"": 1, ""resultsPerPage"": 10, ""term"": ""neo quimica arena"", ""type"": ""SEARCH"", ""url"": ""http://www.google.com.br/search?q=neo+quimica+arena&hl=pt-BR""}"
,https://www.google.com.br/search?sca_esv=ee794735903e3348&hl=pt-BR&q=Neo+Qu%C3%ADmica+Arena+a+venda&sa=X&ved=2ahUKEwjOtOnN-sSQAxXKIzQIHR7FFjYQ1QJ6BQijARAB,neo quimica arena,"{""countryCode"": ""BR"", ""device"": ""DESKTOP"", ""domain"": ""google.com.br"", ""languageCode"": ""pt-BR"", ""locationUule"": null, ""page"": 1, ""resultsPerPage"": 10, ""term"": ""neo quimica arena"", ""type"": ""SEARCH"", ""url"": ""http://www.google.com.br/search?q=neo+quimica+arena&hl=pt-BR""}"
,https://www.google.com.br/search?sca_esv=ee794735903e3348&hl=pt-BR&q=Neo+Qu%C3%ADmica+Arena+localiza%C3%A7%C3%A3o&sa=X&ved=2ahUKEwjOtOnN-sSQAxXKIzQIHR7FFjYQ1QJ6BQifARAB,neo quimica arena,"{""countryCode"": ""BR"", ""device"": ""DESKTOP"", ""domain"": ""google.com.br"", ""languageCode"": ""pt-BR"", ""locationUule"": null, ""page"": 1, ""resultsPerPage"": 10, ""term"": ""neo quimica arena"", ""type"": ""SEARCH"", ""url"": ""http://www.google.com.br/search?q=neo+quimica+arena&hl=pt-BR""}"
,https://www.google.com.br/search?sca_esv=ee794735903e3348&hl=pt-BR&q=Neo+Qu%C3%ADmica+Arena+capacidade&sa=X&ved=2ahUKEwjOtOnN-sSQAxXKIzQIHR7FFjYQ1QJ6BQicARAB,neo quimica arena,"{""countryCode"": ""BR"", ""device"": ""DESKTOP"", ""domain"": ""google.com.br"", ""languageCode"": ""pt-BR"", ""locationUule"": null, ""page"": 1, ""resultsPerPage"": 10, ""term"": ""neo quimica arena"", ""type"": ""SEARCH"", ""url"": ""http://www.google.com.br/search?q=neo+quimica+arena&hl=pt-BR""}"
,https://www.google.com.br/search?sca_esv=ee794735903e3348&hl=pt-BR&q=Setores+Neo+Qu%C3%ADmica+Arena&sa=X&ved=2ahUKEwjOtOnN-sSQAxXKIzQIHR7FFjYQ1QJ6BQiUARAB,neo quimica arena,"{""countryCode"": ""BR"", ""device"": ""DESKTOP"", ""domain"": ""google.com.br"", ""languageCode"": ""pt-BR"", ""locationUule"": null, ""page"": 1, ""resultsPerPage"": 10, ""term"": ""neo quimica arena"", ""type"": ""SEARCH"", ""url"": ""http://www.google.com.br/search?q=neo+quimica+arena&hl=pt-BR""}"
,https://www.google.com.br/search?sca_esv=ee794735903e3348&hl=pt-BR&q=Neo+Qu%C3%ADmica+Arena+ingressos&sa=X&ved=2ahUKEwjOtOnN-sSQAxXKIzQIHR7FFjYQ1QJ6BQiRARAB,neo quimica arena,"{""countryCode"": ""BR"", ""device"": ""DESKTOP"", ""domain"": ""google.com.br"", ""languageCode"": ""pt-BR"", ""locationUule"": null, ""page"": 1, ""resultsPerPage"": 10, ""term"": ""neo quimica arena"", ""type"": ""SEARCH"", ""url"": ""http://www.google.com.br/search?q=neo+quimica+arena&hl=pt-BR""}"
,https://www.google.com.br/search?sca_esv=ee794735903e3348&hl=pt-BR&q=Evento+na+Neo+Qu%C3%ADmica+Arena+Hoje&sa=X&ved=2ahUKEwjOtOnN-sSQAxXKIzQIHR7FFjYQ1QJ6BQiMARAB,neo quimica arena,"{""countryCode"": ""BR"", ""device"": ""DESKTOP"", ""domain"": ""google.com.br"", ""languageCode"": ""pt-BR"", ""locationUule"": null, ""page"": 1, ""resultsPerPage"": 10, ""term"": ""neo quimica arena"", ""type"": ""SEARCH"", ""url"": ""http://www.google.com.br/search?q=neo+quimica+arena&hl=pt-BR""}"
,https://www.google.com.br/search?sca_esv=ee794735903e3348&hl=pt-BR&q=morumbis&stick=H4sIAAAAAAAAAOMwVOLUz9U3MC6qyrb4xciwgYVhEStHbn5RaW5SZvEtNkmG3Ys6frK47jfcaGm8cZPY4-3sv9z_1qbNWLmIQ8m_tKQosVihILW4OB9IlyTmJh1emQviF5ZmFicWJeau4GAEAN1vDHJiAAAA&sa=X&ved=2ahUKEwiwjITQ-sSQAxV6FlkFHaG8N9o4ChCz2gEoAHoECCwQCg,neo quimica arena,"{""countryCode"": ""BR"", ""device"": ""DESKTOP"", ""domain"": ""google.com.br"", ""languageCode"": ""pt-BR"", ""locationUule"": null, ""page"": 2, ""resultsPerPage"": 10, ""term"": ""neo quimica arena"", ""type"": ""SEARCH"", ""url"": ""http://www.google.com.br/search?q=neo%20quimica%20arena&hl=pt-BR&start=10""}"
,https://www.google.com.br/search?sca_esv=ee794735903e3348&hl=pt-BR&q=allianz+parque&stick=H4sIAAAAAAAAAOMwVOLSz9U3SDYwzEjP-cXIsIGFYRErX2JOTmZiXpVCQWJRYWnqLTZJht2LOn6yuO433GhpvHGT2OPt7L_c_9amzVi5iEPJv7SkKLFYoSC1uDgfSJck5iYdXpkL4heWZhYnFiXmruBgBAAGAqLHaQAAAA&sa=X&ved=2ahUKEwiwjITQ-sSQAxV6FlkFHaG8N9o4ChCz2gEoAHoECCwQDw,neo quimica arena,"{""countryCode"": ""BR"", ""device"": ""DESKTOP"", ""domain"": ""google.com.br"", ""languageCode"": ""pt-BR"", ""locationUule"": null, ""page"": 2, ""resultsPerPage"": 10, ""term"": ""neo quimica arena"", ""type"": ""SEARCH"", ""url"": ""http://www.google.com.br/search?q=neo%20quimica%20arena&hl=pt-BR&start=10""}"
,https://www.google.com.br/search?sca_esv=ee794735903e3348&hl=pt-BR&q=Est%C3%A1dio+Urbano+Caldeira&stick=H4sIAAAAAAAAAOMwVOLUz9U3ME-pTCr4xciwgYVhEauEa3HJ4YUpmfkKoUVJiXn5Cs6JOSmpmUWJt9gkGXYv6vjJ4rrfcKOl8cZNYo-3s_9y_1ubNmPlIg4l_9KSosRihYLU4uJ8IF2SmJt0eGUuiF9YmlmcWJSYu4KDEQC89jdJcgAAAA&sa=X&ved=2ahUKEwiwjITQ-sSQAxV6FlkFHaG8N9o4ChCz2gEoAHoECCwQFA,neo quimica arena,"{""countryCode"": ""BR"", ""device"": ""DESKTOP"", ""domain"": ""google.com.br"", ""languageCode"": ""pt-BR"", ""locationUule"": null, ""page"": 2, ""resultsPerPage"": 10, ""term"": ""neo quimica arena"", ""type"": ""SEARCH"", ""url"": ""http://www.google.com.br/search?q=neo%20quimica%20arena&hl=pt-BR&start=10""}"
,https://www.google.com.br/search?sca_esv=ee794735903e3348&hl=pt-BR&q=Est%C3%A1dio+Alfredo+Sch%C3%BCrig&stick=H4sIAAAAAAAAAOMwVOLUz9U3ME-pNK78xciwgYVhEauka3HJ4YUpmfkKjjlpRakp-QrByRmH9xRlpt9ik2TYvajjJ4vrfsONlsYbN4k93s7-y_1vbdqMlYs4lPxLS4oSixUKUouL84F0SWJu0uGVuSB-YWlmcWJRYu4KDkYAGuxpm3MAAAA&sa=X&ved=2ahUKEwiwjITQ-sSQAxV6FlkFHaG8N9o4ChCz2gEoAHoECCwQGQ,neo quimica arena,"{""countryCode"": ""BR"", ""device"": ""DESKTOP"", ""domain"": ""google.com.br"", ""languageCode"": ""pt-BR"", ""locationUule"": null, ""page"": 2, ""resultsPerPage"": 10, ""term"": ""neo quimica arena"", ""type"": ""SEARCH"", ""url"": ""http://www.google.com.br/search?q=neo%20quimica%20arena&hl=pt-BR&start=10""}"
,https://www.google.com.br/search?sca_esv=ee794735903e3348&hl=pt-BR&q=arena+mrv&stick=H4sIAAAAAAAAAOMwVOLVT9c3NEzLMUivMk3K-8XIsIGFYRErZ2JRal6iQm5R2S02SYbdizp-srjuN9xoabxxk9jj7ey_3P_Wps1YuYhDyb-0pCixWKEgtbg4H0iXJOYmHV6ZC-IXlmYWJxYl5q7gYAQA1lDTRWcAAAA&sa=X&ved=2ahUKEwiwjITQ-sSQAxV6FlkFHaG8N9o4ChCz2gEoAHoECCwQHg,neo quimica arena,"{""countryCode"": ""BR"", ""device"": ""DESKTOP"", ""domain"": ""google.com.br"", ""languageCode"": ""pt-BR"", ""locationUule"": null, ""page"": 2, ""resultsPerPage"": 10, ""term"": ""neo quimica arena"", ""type"": ""SEARCH"", ""url"": ""http://www.google.com.br/search?q=neo%20quimica%20arena&hl=pt-BR&start=10""}"
,https://www.google.com.br/search?sca_esv=ee794735903e3348&hl=pt-BR&q=maracana&stick=H4sIAAAAAAAAAOMwVOLUz9U3MCwsM6n8xciwgYVhEStHbmJRYnJiXuItNkmG3Ys6frK47jfcaGm8cZPY4-3sv9z_1qbNWLmIQ8m_tKQosVihILW4OB9IlyTmJh1emQviF5ZmFgPNyF3BwQgA5m7HhmIAAAA&sa=X&ved=2ahUKEwiwjITQ-sSQAxV6FlkFHaG8N9o4ChCz2gEoAHoECCwQIw,neo quimica arena,"{""countryCode"": ""BR"", ""device"": ""DESKTOP"", ""domain"": ""google.com.br"", ""languageCode"": ""pt-BR"", ""locationUule"": null, ""page"": 2, ""resultsPerPage"": 10, ""term"": ""neo quimica arena"", ""type"": ""SEARCH"", ""url"": ""http://www.google.com.br/search?q=neo%20quimica%20arena&hl=pt-BR&start=10""}"
,https://www.google.com.br/search?sca_esv=ee794735903e3348&hl=pt-BR&q=Neo+Qu%C3%ADmica+Arena+capacidade&sa=X&ved=2ahUKEwiwjITQ-sSQAxV6FlkFHaG8N9o4ChDVAnoECEEQAQ,neo quimica arena,"{""countryCode"": ""BR"", ""device"": ""DESKTOP"", ""domain"": ""google.com.br"", ""languageCode"": ""pt-BR"", ""locationUule"": null, ""page"": 2, ""resultsPerPage"": 10, ""term"": ""neo quimica arena"", ""type"": ""SEARCH"", ""url"": ""http://www.google.com.br/search?q=neo%20quimica%20arena&hl=pt-BR&start=10""}"
,https://www.google.com.br/search?sca_esv=ee794735903e3348&hl=pt-BR&q=Neo+Qu%C3%ADmica+Arena+onde+fica&sa=X&ved=2ahUKEwiwjITQ-sSQAxV6FlkFHaG8N9o4ChDVAnoECEIQAQ,neo quimica arena,"{""countryCode"": ""BR"", ""device"": ""DESKTOP"", ""domain"": ""google.com.br"", ""languageCode"": ""pt-BR"", ""locationUule"": null, ""page"": 2, ""resultsPerPage"": 10, ""term"": ""neo quimica arena"", ""type"": ""SEARCH"", ""url"": ""http://www.google.com.br/search?q=neo%20quimica%20arena&hl=pt-BR&start=10""}"
,https://www.google.com.br/search?sca_esv=ee794735903e3348&hl=pt-BR&q=Neo+Qu%C3%ADmica+Arena+ingresso&sa=X&ved=2ahUKEwiwjITQ-sSQAxV6FlkFHaG8N9o4ChDVAnoECD0QAQ,neo quimica arena,"{""countryCode"": ""BR"", ""device"": ""DESKTOP"", ""domain"": ""google.com.br"", ""languageCode"": ""pt-BR"", ""locationUule"": null, ""page"": 2, ""resultsPerPage"": 10, ""term"": ""neo quimica arena"", ""type"": ""SEARCH"", ""url"": ""http://www.google.com.br/search?q=neo%20quimica%20arena&hl=pt-BR&start=10""}"
,https://www.google.com.br/search?sca_esv=ee794735903e3348&hl=pt-BR&q=Neo+Qu%C3%ADmica+Arena+pr%C3%B3ximos+eventos&sa=X&ved=2ahUKEwiwjITQ-sSQAxV6FlkFHaG8N9o4ChDVAnoECDsQAQ,neo quimica arena,"{""countryCode"": ""BR"", ""device"": ""DESKTOP"", ""domain"": ""google.com.br"", ""languageCode"": ""pt-BR"", ""locationUule"": null, ""page"": 2, ""resultsPerPage"": 10, ""term"": ""neo quimica arena"", ""type"": ""SEARCH"", ""url"": ""http://www.google.com.br/search?q=neo%20quimica%20arena&hl=pt-BR&start=10""}"
,https://www.google.com.br/search?sca_esv=ee794735903e3348&hl=pt-BR&q=Neo+Qu%C3%ADmica+Arena+setores&sa=X&ved=2ahUKEwiwjITQ-sSQAxV6FlkFHaG8N9o4ChDVAnoECD8QAQ,neo quimica arena,"{""countryCode"": ""BR"", ""device"": ""DESKTOP"", ""domain"": ""google.com.br"", ""languageCode"": ""pt-BR"", ""locationUule"": null, ""page"": 2, ""resultsPerPage"": 10, ""term"": ""neo quimica arena"", ""type"": ""SEARCH"", ""url"": ""http://www.google.com.br/search?q=neo%20quimica%20arena&hl=pt-BR&start=10""}"
,https://www.google.com.br/search?sca_esv=ee794735903e3348&hl=pt-BR&q=Neo+Qu%C3%ADmica+Arena+sp&sa=X&ved=2ahUKEwiwjITQ-sSQAxV6FlkFHaG8N9o4ChDVAnoECD4QAQ,neo quimica arena,"{""countryCode"": ""BR"", ""device"": ""DESKTOP"", ""domain"": ""google.com.br"", ""languageCode"": ""pt-BR"", ""locationUule"": null, ""page"": 2, ""resultsPerPage"": 10, ""term"": ""neo quimica arena"", ""type"": ""SEARCH"", ""url"": ""http://www.google.com.br/search?q=neo%20quimica%20arena&hl=pt-BR&start=10""}"
,https://www.google.com.br/search?sca_esv=ee794735903e3348&hl=pt-BR&q=Estacionamento+Neo+Qu%C3%ADmica+Arena&sa=X&ved=2ahUKEwiwjITQ-sSQAxV6FlkFHaG8N9o4ChDVAnoECEAQAQ,neo quimica arena,"{""countryCode"": ""BR"", ""device"": ""DESKTOP"", ""domain"": ""google.com.br"", ""languageCode"": ""pt-BR"", ""locationUule"": null, ""page"": 2, ""resultsPerPage"": 10, ""term"": ""neo quimica arena"", ""type"": ""SEARCH"", ""url"": ""http://www.google.com.br/search?q=neo%20quimica%20arena&hl=pt-BR&start=10""}"
,https://www.google.com.br/search?sca_esv=ee794735903e3348&hl=pt-BR&q=Evento+na+Neo+Qu%C3%ADmica+Arena+HOJE&sa=X&ved=2ahUKEwiwjITQ-sSQAxV6FlkFHaG8N9o4ChDVAnoECDwQAQ,neo quimica arena,"{""countryCode"": ""BR"", ""device"": ""DESKTOP"", ""domain"": ""google.com.br"", ""languageCode"": ""pt-BR"", ""locationUule"": null, ""page"": 2, ""resultsPerPage"": 10, ""term"": ""neo quimica arena"", ""type"": ""SEARCH"", ""url"": ""http://www.google.com.br/search?q=neo%20quimica%20arena&hl=pt-BR&start=10""}"
,https://www.google.com.br/search?sca_esv=ee794735903e3348&hl=pt-BR&q=Gavi%C3%B5es+da+fiel+loja&sa=X&ved=2ahUKEwj-wY_Y-sSQAxUGrlYBHSW_NhEQ1QJ6BAhxEAE,gavioes da fiel,"{""countryCode"": ""BR"", ""device"": ""DESKTOP"", ""domain"": ""google.com.br"", ""languageCode"": ""pt-BR"", ""locationUule"": null, ""page"": 1, ""resultsPerPage"": 10, ""term"": ""gavioes da fiel"", ""type"": ""SEARCH"", ""url"": ""http://www.google.com.br/search?q=gavioes+da+fiel&hl=pt-BR""}"
,https://www.google.com.br/search?sca_esv=ee794735903e3348&hl=pt-BR&q=Gavi%C3%B5es+da+fiel+camisa&sa=X&ved=2ahUKEwj-wY_Y-sSQAxUGrlYBHSW_NhEQ1QJ6BQiEARAB,gavioes da fiel,"{""countryCode"": ""BR"", ""device"": ""DESKTOP"", ""domain"": ""google.com.br"", ""languageCode"": ""pt-BR"", ""locationUule"": null, ""page"": 1, ""resultsPerPage"": 10, ""term"": ""gavioes da fiel"", ""type"": ""SEARCH"", ""url"": ""http://www.google.com.br/search?q=gavioes+da+fiel&hl=pt-BR""}"
,https://www.google.com.br/search?sca_esv=ee794735903e3348&hl=pt-BR&q=Gavioes+da+fiel+desfile&sa=X&ved=2ahUKEwj-wY_Y-sSQAxUGrlYBHSW_NhEQ1QJ6BQiAARAB,gavioes da fiel,"{""countryCode"": ""BR"", ""device"": ""DESKTOP"", ""domain"": ""google.com.br"", ""languageCode"": ""pt-BR"", ""locationUule"": null, ""page"": 1, ""resultsPerPage"": 10, ""term"": ""gavioes da fiel"", ""type"": ""SEARCH"", ""url"": ""http://www.google.com.br/search?q=gavioes+da+fiel&hl=pt-BR""}"
,https://www.google.com.br/search?sca_esv=ee794735903e3348&hl=pt-BR&q=Gavi%C3%B5es+da+Fiel+quadra&sa=X&ved=2ahUKEwj-wY_Y-sSQAxUGrlYBHSW_NhEQ1QJ6BAh-EAE,gavioes da fiel,"{""countryCode"": ""BR"", ""device"": ""DESKTOP"", ""domain"": ""google.com.br"", ""languageCode"": ""pt-BR"", ""locationUule"": null, ""page"": 1, ""resultsPerPage"": 10, ""term"": ""gavioes da fiel"", ""type"": ""SEARCH"", ""url"": ""http://www.google.com.br/search?q=gavioes+da+fiel&hl=pt-BR""}"
,https://www.google.com.br/search?sca_esv=ee794735903e3348&hl=pt-BR&q=Gavi%C3%B5es+da+Fiel+funda%C3%A7%C3%A3o&sa=X&ved=2ahUKEwj-wY_Y-sSQAxUGrlYBHSW_NhEQ1QJ6BAh6EAE,gavioes da fiel,"{""countryCode"": ""BR"", ""device"": ""DESKTOP"", ""domain"": ""google.com.br"", ""languageCode"": ""pt-BR"", ""locationUule"": null, ""page"": 1, ""resultsPerPage"": 10, ""term"": ""gavioes da fiel"", ""type"": ""SEARCH"", ""url"": ""http://www.google.com.br/search?q=gavioes+da+fiel&hl=pt-BR""}"
,https://www.google.com.br/search?sca_esv=ee794735903e3348&hl=pt-BR&q=Gavi%C3%B5es+da+Fiel+ingresso&sa=X&ved=2ahUKEwj-wY_Y-sSQAxUGrlYBHSW_NhEQ1QJ6BAh5EAE,gavioes da fiel,"{""countryCode"": ""BR"", ""device"": ""DESKTOP"", ""domain"": ""google.com.br"", ""languageCode"": ""pt-BR"", ""locationUule"": null, ""page"": 1, ""resultsPerPage"": 10, ""term"": ""gavioes da fiel"", ""type"": ""SEARCH"", ""url"": ""http://www.google.com.br/search?q=gavioes+da+fiel&hl=pt-BR""}"
,https://www.google.com.br/search?sca_esv=ee794735903e3348&hl=pt-BR&q=Gavi%C3%B5es+da+Fiel+Carnaval&sa=X&ved=2ahUKEwj-wY_Y-sSQAxUGrlYBHSW_NhEQ1QJ6BAh2EAE,gavioes da fiel,"{""countryCode"": ""BR"", ""device"": ""DESKTOP"", ""domain"": ""google.com.br"", ""languageCode"": ""pt-BR"", ""locationUule"": null, ""page"": 1, ""resultsPerPage"": 10, ""term"": ""gavioes da fiel"", ""type"": ""SEARCH"", ""url"": ""http://www.google.com.br/search?q=gavioes+da+fiel&hl=pt-BR""}"
,https://www.google.com.br/search?sca_esv=ee794735903e3348&hl=pt-BR&q=Gavi%C3%B5es+da+Fiel+sede&sa=X&ved=2ahUKEwj-wY_Y-sSQAxUGrlYBHSW_NhEQ1QJ6BAhzEAE,gavioes da fiel,"{""countryCode"": ""BR"", ""device"": ""DESKTOP"", ""domain"": ""google.com.br"", ""languageCode"": ""pt-BR"", ""locationUule"": null, ""page"": 1, ""resultsPerPage"": 10, ""term"": ""gavioes da fiel"", ""type"": ""SEARCH"", ""url"": ""http://www.google.com.br/search?q=gavioes+da+fiel&hl=pt-BR""}"
,https://www.google.com.br/search?sca_esv=ee794735903e3348&hl=pt-BR&q=gavi%C3%B5es+da+fiel&stick=H4sIAAAAAAAAAOMwVOLWT9c3NDLMLatINvzFyLCBheEVCy8XsiiCb5RRUGhYgCQfn2xuZo7gG-SVG1YVIvjG5tnm5eWvWPi5eEF8w6I0CxNDg2xTJB05KVUGFUj8KnPDnCIkG8qKsspLkE1MSU43X8QqkJ5Ylnl4a2qxQkqiQlpmas4tNkmG3Ys6frK47jfcaGm8cZPY4-3sv9z_1qbNWLmIQ8m_tKQosVihILW4OB9IlyTmJh1emQviF5ZmFicWJeau4GAEAG0xDYMOAQAA&sa=X&ved=2ahUKEwjqnrzb-sSQAxV1PEQIHaImLXE4ChCz2gEoAHoECCsQCg,gavioes da fiel,"{""countryCode"": ""BR"", ""device"": ""DESKTOP"", ""domain"": ""google.com.br"", ""languageCode"": ""pt-BR"", ""locationUule"": null, ""page"": 2, ""resultsPerPage"": 10, ""term"": ""gavioes da fiel"", ""type"": ""SEARCH"", ""url"": ""http://www.google.com.br/search?q=gavioes%20da%20fiel&hl=pt-BR&start=10""}"
,https://www.google.com.br/search?sca_esv=ee794735903e3348&hl=pt-BR&q=Camisa+Verde+e+Branco&stick=H4sIAAAAAAAAAOMwVOLWT9c3NDLKKCg0LPjFyLCBheEVCy8XRNQwt6wi2RDBh6hCko9PNjczR_AN8soNqwoRfGPzbPPy8lcs_Fy8IL5hUZqFiaFBtimSjpyUKoMKJH6VuWFOEZINZUVZ5SXIJqYkp5svYhV1TszNLE5UCEstSklVSFVwKkrMS86_xSbJsHtRx08W1_2GGy2NN24Se7yd_Zf739q0GSsXcSj5l5YUJRYrFKQWF-cD6ZLE3KTDK3NB_MJSoGFFibkrOBgBGa-V5hMBAAA&sa=X&ved=2ahUKEwjqnrzb-sSQAxV1PEQIHaImLXE4ChCz2gEoAHoECCsQDw,gavioes da fiel,"{""countryCode"": ""BR"", ""device"": ""DESKTOP"", ""domain"": ""google.com.br"", ""languageCode"": ""pt-BR"", ""locationUule"": null, ""page"": 2, ""resultsPerPage"": 10, ""term"": ""gavioes da fiel"", ""type"": ""SEARCH"", ""url"": ""http://www.google.com.br/search?q=gavioes%20da%20fiel&hl=pt-BR&start=10""}"
,https://www.google.com.br/search?sca_esv=ee794735903e3348&hl=pt-BR&q=Vai-Vai&stick=H4sIAAAAAAAAAOMwVOLWT9c3NDKMTzY3M__FyLCBheEVCy8XVDS3rCLZEME3yigoNCxAkgfrQvAN8soNqwoRfGPzbPPy8lcs_Fy8IL5hUZqFiaFBtimSjpyUKoMKJH6VuWFOEZINZUVZ5SXIJqYkp5svYmUPS8zUBeJbbJIMuxd1_GRx3W-40dJ44yaxx9vZf7n_rU2bsXIRh5J_aUlRYrFCQWpxcT6QLknMTTq8MhfELyzNLE4sSsxdwcEIAOasCB4FAQAA&sa=X&ved=2ahUKEwjqnrzb-sSQAxV1PEQIHaImLXE4ChCz2gEoAHoECCsQFA,gavioes da fiel,"{""countryCode"": ""BR"", ""device"": ""DESKTOP"", ""domain"": ""google.com.br"", ""languageCode"": ""pt-BR"", ""locationUule"": null, ""page"": 2, ""resultsPerPage"": 10, ""term"": ""gavioes da fiel"", ""type"": ""SEARCH"", ""url"": ""http://www.google.com.br/search?q=gavioes%20da%20fiel&hl=pt-BR&start=10""}"
,https://www.google.com.br/search?sca_esv=ee794735903e3348&hl=pt-BR&q=mancha+verde&stick=H4sIAAAAAAAAAOMwVOLWT9c3NDLIKzesKvzFyLCBheEVCy8XRNQwt6wi2RDBN8ooKDQsQJKPTzY3M0fwIaYg-Mbm2ebl5a9Y-Ll4QXzDojQLE0ODbFMkHTkpVQYVSPwqc8OcIiQbyoqyykuQTUxJTjdfxMqTm5iXnJGoUJZalJJ6i02SYfeijp8srvsNN1oab9wk9ng7-y_3v7VpM1Yu4lDyLy0pSixWKEgtLs4H0iWJuUmHV-aC-IWlmcWJRYm5KzgYATDE9c4KAQAA&sa=X&ved=2ahUKEwjqnrzb-sSQAxV1PEQIHaImLXE4ChCz2gEoAHoECCsQGQ,gavioes da fiel,"{""countryCode"": ""BR"", ""device"": ""DESKTOP"", ""domain"": ""google.com.br"", ""languageCode"": ""pt-BR"", ""locationUule"": null, ""page"": 2, ""resultsPerPage"": 10, ""term"": ""gavioes da fiel"", ""type"": ""SEARCH"", ""url"": ""http://www.google.com.br/search?q=gavioes%20da%20fiel&hl=pt-BR&start=10""}"
,https://www.google.com.br/search?sca_esv=ee794735903e3348&hl=pt-BR&q=escola+de+samba+tucuruvi&stick=H4sIAAAAAAAAAOMwVOLWT9c3NDI2zzYvL__FyLCBheEVCy8XRNQwt6wi2RDBN8ooKDQsQJKPTzY3M0fwDfLKDasKEXyIqa9Y-Ll4QXzDojQLE0ODbFMkHTkpVQYVSPwqc8OcIiQbyoqyykuQTUxJTjdfxCqRWpycn5OokJKqUJyYm5SoUFKaXFpUWpZ5i02SYfeijp8srvsNN1oab9wk9ng7-y_3v7VpM1Yu4lDyLy0pSixWKEgtLs4H0iVAvYdX5oL4haWZxYlFibkrOBgB-_vBSRYBAAA&sa=X&ved=2ahUKEwjqnrzb-sSQAxV1PEQIHaImLXE4ChCz2gEoAHoECCsQHg,gavioes da fiel,"{""countryCode"": ""BR"", ""device"": ""DESKTOP"", ""domain"": ""google.com.br"", ""languageCode"": ""pt-BR"", ""locationUule"": null, ""page"": 2, ""resultsPerPage"": 10, ""term"": ""gavioes da fiel"", ""type"": ""SEARCH"", ""url"": ""http://www.google.com.br/search?q=gavioes%20da%20fiel&hl=pt-BR&start=10""}"
,https://www.google.com.br/search?sca_esv=ee794735903e3348&hl=pt-BR&q=Imp%C3%A9rio+de+Casa+Verde&stick=H4sIAAAAAAAAAOMwVOLVT9c3NCxKszAxNMg2_cXIsIGF4RULLxc3SNzIMLesItkQwTfKKCg0LECSj082NzNH8A3yyg2rChF8Y_Ns8_LyVyz8XKj2IOnISakyqEDiV5kb5hQh2VBWlFVegmxiSnK6-SJWMc_cgsMrizLzFVJSFZwTixMVwlKLUlJvsUky7F7U8ZPFdb_hRkvjjZvEHm9n_-X-tzZtxspFHEr-pSVFicUKBanFxflAuiQxN-nwylwQv7A0szixKDF3BQcjADzDA0kWAQAA&sa=X&ved=2ahUKEwjqnrzb-sSQAxV1PEQIHaImLXE4ChCz2gEoAHoECCsQIw,gavioes da fiel,"{""countryCode"": ""BR"", ""device"": ""DESKTOP"", ""domain"": ""google.com.br"", ""languageCode"": ""pt-BR"", ""locationUule"": null, ""page"": 2, ""resultsPerPage"": 10, ""term"": ""gavioes da fiel"", ""type"": ""SEARCH"", ""url"": ""http://www.google.com.br/search?q=gavioes%20da%20fiel&hl=pt-BR&start=10""}"
,https://www.google.com.br/search?sca_esv=ee794735903e3348&hl=pt-BR&q=Gavi%C3%B5es+da+fiel+camisa&sa=X&ved=2ahUKEwjqnrzb-sSQAxV1PEQIHaImLXE4ChDVAnoECDEQAQ,gavioes da fiel,"{""countryCode"": ""BR"", ""device"": ""DESKTOP"", ""domain"": ""google.com.br"", ""languageCode"": ""pt-BR"", ""locationUule"": null, ""page"": 2, ""resultsPerPage"": 10, ""term"": ""gavioes da fiel"", ""type"": ""SEARCH"", ""url"": ""http://www.google.com.br/search?q=gavioes%20da%20fiel&hl=pt-BR&start=10""}"
,https://www.google.com.br/search?sca_esv=ee794735903e3348&hl=pt-BR&q=Gavioes+da+fiel+desfile&sa=X&ved=2ahUKEwjqnrzb-sSQAxV1PEQIHaImLXE4ChDVAnoECDsQAQ,gavioes da fiel,"{""countryCode"": ""BR"", ""device"": ""DESKTOP"", ""domain"": ""google.com.br"", ""languageCode"": ""pt-BR"", ""locationUule"": null, ""page"": 2, ""resultsPerPage"": 10, ""term"": ""gavioes da fiel"", ""type"": ""SEARCH"", ""url"": ""http://www.google.com.br/search?q=gavioes%20da%20fiel&hl=pt-BR&start=10""}"
,https://www.google.com.br/search?sca_esv=ee794735903e3348&hl=pt-BR&q=Gavi%C3%B5es+da+Fiel+ingresso&sa=X&ved=2ahUKEwjqnrzb-sSQAxV1PEQIHaImLXE4ChDVAnoECDwQAQ,gavioes da fiel,"{""countryCode"": ""BR"", ""device"": ""DESKTOP"", ""domain"": ""google.com.br"", ""languageCode"": ""pt-BR"", ""locationUule"": null, ""page"": 2, ""resultsPerPage"": 10, ""term"": ""gavioes da fiel"", ""type"": ""SEARCH"", ""url"": ""http://www.google.com.br/search?q=gavioes%20da%20fiel&hl=pt-BR&start=10""}"
,https://www.google.com.br/search?sca_esv=ee794735903e3348&hl=pt-BR&q=Gavi%C3%B5es+da+Fiel+2026&sa=X&ved=2ahUKEwjqnrzb-sSQAxV1PEQIHaImLXE4ChDVAnoECD0QAQ,gavioes da fiel,"{""countryCode"": ""BR"", ""device"": ""DESKTOP"", ""domain"": ""google.com.br"", ""languageCode"": ""pt-BR"", ""locationUule"": null, ""page"": 2, ""resultsPerPage"": 10, ""term"": ""gavioes da fiel"", ""type"": ""SEARCH"", ""url"": ""http://www.google.com.br/search?q=gavioes%20da%20fiel&hl=pt-BR&start=10""}"
,https://www.google.com.br/search?sca_esv=ee794735903e3348&hl=pt-BR&q=Gavioes+da+fiel+titulos&sa=X&ved=2ahUKEwjqnrzb-sSQAxV1PEQIHaImLXE4ChDVAnoECC0QAQ,gavioes da fiel,"{""countryCode"": ""BR"", ""device"": ""DESKTOP"", ""domain"": ""google.com.br"", ""languageCode"": ""pt-BR"", ""locationUule"": null, ""page"": 2, ""resultsPerPage"": 10, ""term"": ""gavioes da fiel"", ""type"": ""SEARCH"", ""url"": ""http://www.google.com.br/search?q=gavioes%20da%20fiel&hl=pt-BR&start=10""}"
,https://www.google.com.br/search?sca_esv=ee794735903e3348&hl=pt-BR&q=Gavi%C3%B5es+da+Fiel+m%C3%BAsicas&sa=X&ved=2ahUKEwjqnrzb-sSQAxV1PEQIHaImLXE4ChDVAnoECC8QAQ,gavioes da fiel,"{""countryCode"": ""BR"", ""device"": ""DESKTOP"", ""domain"": ""google.com.br"", ""languageCode"": ""pt-BR"", ""locationUule"": null, ""page"": 2, ""resultsPerPage"": 10, ""term"": ""gavioes da fiel"", ""type"": ""SEARCH"", ""url"": ""http://www.google.com.br/search?q=gavioes%20da%20fiel&hl=pt-BR&start=10""}"
,https://www.google.com.br/search?sca_esv=ee794735903e3348&hl=pt-BR&q=Gavi%C3%B5es+da+Fiel+s%C3%B3cio&sa=X&ved=2ahUKEwjqnrzb-sSQAxV1PEQIHaImLXE4ChDVAnoECC4QAQ,gavioes da fiel,"{""countryCode"": ""BR"", ""device"": ""DESKTOP"", ""domain"": ""google.com.br"", ""languageCode"": ""pt-BR"", ""locationUule"": null, ""page"": 2, ""resultsPerPage"": 10, ""term"": ""gavioes da fiel"", ""type"": ""SEARCH"", ""url"": ""http://www.google.com.br/search?q=gavioes%20da%20fiel&hl=pt-BR&start=10""}"
,https://www.google.com.br/search?sca_esv=ee794735903e3348&hl=pt-BR&q=Gavioes+da+fiel+carnaval+2025&sa=X&ved=2ahUKEwjqnrzb-sSQAxV1PEQIHaImLXE4ChDVAnoECD4QAQ,gavioes da fiel,"{""countryCode"": ""BR"", ""device"": ""DESKTOP"", ""domain"": ""google.com.br"", ""languageCode"": ""pt-BR"", ""locationUule"": null, ""page"": 2, ""resultsPerPage"": 10, ""term"": ""gavioes da fiel"", ""type"": ""SEARCH"", ""url"": ""http://www.google.com.br/search?q=gavioes%20da%20fiel&hl=pt-BR&start=10""}"
